Transaction_ID,Customer_ID,Product_ID,Quantity,Total_Amount,Date
5RA4S3W3,BV5QPBG5,NBYYMAEW,4,56.89,2025-01-19 01:27:21
SD1FLRPR,G6V8L62X,GP6TQWUO,5,620.55,2024-05-21 01:27:21
JUNMMGUD,WPQIJFY7,RYIW04UA,1,981.63,2025-01-08 01:27:21
0VQGDIKH,X4629BNT,ML61JJHZ,3,1198.12,2024-11-29 01:27:21
RI3JO267,9AH3EM7M,4NRACSDL,1,477.69,2025-01-19 01:27:21
PHP5LLQA,37W1TV4E,734ILLSK,2,939.03,2024-06-25 01:27:21
X5V60XTY,VFQY3D61,3Q4S1NI5,2,342.2,2024-08-01 01:27:21
J0J557MX,RQ64A04C,K26CJ26F,1,694.43,2024-07-27 01:27:21
85OZVTZP,RJDDUBL3,WS8WLX90,1,611.91,2025-01-09 01:27:21
D5OEDVX4,761E3K4T,ZJNERA5Z,2,1375.13,2024-11-18 01:27:21
TSJIF3GL,XJAK7RQ0,S2APV8PG,5,1161.78,2024-05-21 01:27:21
TCVR335P,U520RY1M,RCXKB13H,4,869.43,2024-06-09 01:27:21
4MMEWF0W,5NVEJ6Y9,O93UV51A,4,1908.19,2024-06-10 01:27:21
6OBO02UT,3V6KNZ03,VWJ2A1D7,1,684.01,2024-12-01 01:27:21
ESWCDAV2,B5CQ8QZQ,2D6QUMXA,3,645.52,2024-05-04 01:27:21
FXXFZZFT,S4WLW6ZH,G4JKTKTM,5,716.81,2024-10-08 01:27:21
0M3W1X7Z,SMKBGUP3,COSXMGS0,4,926.13,2024-07-03 01:27:21
NF3EU10J,UBKNJXTW,FBQ5S0XB,2,115.99,2024-05-21 01:27:21
J1G46O4T,7LQZ2QT4,PXV2HQTU,5,654.7,2024-05-19 01:27:21
S1FZ6HTD,TEOPGN41,U3TTZ83J,1,327.14,2024-10-28 01:27:21
B6M01GOW,DOP0SGLF,XFEJKIIO,1,1386.56,2024-05-03 01:27:21
APBVUTVZ,G9J64KRI,FSOI406H,5,750.37,2024-08-16 01:27:21
SUX8IGDN,8AOS5EWL,3LB8VKDR,4,812.62,2024-02-05 01:27:21
9M139ANG,Y0YABS8F,4561JV1Y,5,1600.86,2024-11-22 01:27:21
P0HDMTX0,DF2BA37X,5BJWG39X,1,592.55,2024-10-19 01:27:21
2T0N3GGE,OB4CP658,9C6R7OTY,4,1315.44,2024-03-24 01:27:21
7XKL3G1W,ST5WEK9D,11CHJSLJ,4,504.73,2024-04-05 01:27:21
OHRHMKYO,LPFX3MVJ,0GNSGCAQ,1,1348.54,2024-05-15 01:27:21
92B5KR24,TO1B0EXJ,RSFAS2OU,2,1520.22,2024-06-06 01:27:21
8G6AU8OX,LAF3OQ1G,H37T9O8U,5,1702.77,2024-08-10 01:27:21
MBT7NCOO,WEMLQH33,85O1VQ9O,5,445.83,2024-12-17 01:27:21
POFRH4S0,T2YCQY7R,4BC4QOQE,1,1024.4,2024-08-11 01:27:21
0XSHPJPE,Y427YO0S,285ALEYP,1,542.92,2024-06-17 01:27:21
OPVCQ7S5,S72G8HOT,NXEMYCV5,5,1581.1,2024-01-27 01:27:21
USS2I5VE,7LQZ2QT4,8IKEZT21,1,1245.06,2024-04-04 01:27:21
XY7M28P0,4NNWC7Y5,MLJ456P5,2,1192.55,2024-10-07 01:27:21
YKKMNMXK,NQ653HN6,K26CJ26F,4,736.74,2024-05-19 01:27:21
3LMA4UW1,OT1808OM,V4H9LLJ8,1,1161.79,2024-09-17 01:27:21
WB8B1DJY,RMIK29O5,QD82AZSH,3,910.79,2024-04-15 01:27:21
A1PNIBXW,G263NPR7,QJ30FIX5,5,1000.16,2024-09-06 01:27:21
RHBO2KMQ,E5ZT79SF,UQKJSCI4,4,1668.47,2024-12-04 01:27:21
DH63YVY6,J5NKC8QQ,H14KEEFY,1,458.27,2024-08-15 01:27:21
ZOP9H68Q,WPQIJFY7,IXDKZEYK,3,1699.74,2024-09-24 01:27:21
KN6R6LCN,S00POMXM,ZJNERA5Z,2,1651.84,2024-09-23 01:27:21
VESLHUZR,HWZ2U530,OB3Y6OY2,1,528.43,2025-01-16 01:27:21
HPOPAZDZ,DESNONZ1,FE9I3U2Z,1,726.96,2024-02-13 01:27:21
VORCUFVS,GI2JDL0W,JDZ5ECVC,1,1831.22,2024-05-10 01:27:21
V3NL07L9,OJFSH6SK,8ZFI3X9N,4,865.66,2024-04-02 01:27:21
CE5R3SBF,9NCJJK5Q,XWKJZF7U,4,1091.78,2024-11-16 01:27:21
AHHR5BS9,4XMRJ9GW,8B91VFQ2,5,1870.97,2024-06-08 01:27:21
ZNIER3OU,VQ9ZKA0C,HZJM5WEW,3,794.51,2024-07-24 01:27:21
KJLRM3J7,CNSXD638,I017H10A,4,1624.81,2024-02-08 01:27:21
LM64WKEN,4NT2HVMP,2TU5FGVO,4,1920.19,2024-07-15 01:27:21
1733U7NZ,Z0IHTHLA,YOW5UDI9,5,1672.75,2024-05-19 01:27:21
0W6XN00Z,ISZU8U3X,WLDBKS1H,3,1058.06,2024-04-14 01:27:21
A8RRXDJP,YROH1KZD,F0XTI662,2,701.62,2024-10-10 01:27:21
A8LXWY3S,SMKBGUP3,RO6RBTY4,1,932.6,2024-02-10 01:27:21
6A4YFCZ6,UJNC2SZ7,7A3KS50C,1,1769.65,2024-12-25 01:27:21
9OCTXMQW,JAR6QAI5,UYXIGDT2,3,1946.79,2024-12-07 01:27:21
Q4CL8G8D,1LO0W39P,VNGY1UI1,5,837.17,2024-11-29 01:27:21
UXURWE80,15TPUBX9,PR4HC6F2,4,1084.84,2024-08-27 01:27:21
M4J10UN8,JQLYMUO4,BDXN3CTJ,5,104.96,2024-07-15 01:27:21
CSFAKAK3,10SVNCWE,O8O6IP87,2,1625.09,2024-05-30 01:27:21
10I97FXL,KMSU0XIR,9COGSAUM,5,1750.3,2024-03-03 01:27:21
97FJ0Q5W,HODBB5WH,GDDG7RY8,3,254.05,2024-03-14 01:27:21
GIYQJTML,V1SA2O16,8OBAUH78,4,1526.87,2024-03-07 01:27:21
PFMJIQIN,4XMRJ9GW,D3POFECJ,4,777.22,2024-12-15 01:27:21
7VBZZBXN,CV2RCWZY,HECOB89R,1,600.48,2024-09-13 01:27:21
Q3V0A4TY,BKHGXPK8,FON93OOL,2,918.72,2025-01-16 01:27:21
ZCS49K0T,6R1PEZAA,ZQK3Y07W,5,592.3,2024-05-26 01:27:21
URTMB2LE,RE9Z2U7L,NVT8S4NZ,3,708.61,2024-12-12 01:27:21
DQTD6OSO,4IRAM4CE,QHGLPRGH,5,834.62,2024-10-16 01:27:21
HF18Q00F,IK7ZH4DK,FON93OOL,5,1098.05,2024-11-17 01:27:21
Q5403WPU,M43D75IW,DE7TNS32,3,698.84,2024-08-07 01:27:21
2BSGMSSM,ANBEVIKX,TBUIRDYN,3,803.92,2024-01-30 01:27:21
X8YYDHV0,OI7WUIMR,A1NJY1V4,2,473.86,2024-06-10 01:27:21
IPUWITPM,U520RY1M,M198R4Y6,1,967.82,2024-11-27 01:27:21
OIBRW58E,RSTD2U9T,2F0FFNBZ,3,946.3,2024-04-11 01:27:21
ASW2G4G0,PAU665YB,6923IO5A,2,1013.65,2024-11-24 01:27:21
9NI92OTQ,SEFK9IAJ,DTLBW6L7,1,507.69,2024-07-01 01:27:21
QMVIN4KB,IH6B55QV,ZUYBZZRW,3,1874.02,2024-05-17 01:27:21
JYBIXSN6,DESNONZ1,7Q9NWKLJ,4,397.04,2024-07-21 01:27:21
QQ73GWID,HRE3SMAB,ALX6F8NB,3,1817.04,2024-02-06 01:27:21
D3H7OISR,TGG5LQN5,UYXIGDT2,4,1206.95,2024-09-11 01:27:21
EIJ8R8T9,CAK9V59U,LX82BFM4,3,962.66,2024-12-09 01:27:21
X9Z9EOOU,4YTJLHTY,KL50BI9W,5,70.25,2024-06-19 01:27:21
28EMEJZF,JZBH67H7,XUDSEUCI,3,895.94,2024-01-25 01:27:21
G2PI770Z,CHD32BBI,U5UQCZUS,1,951.09,2024-12-20 01:27:21
64EZC9K5,5XF9W089,VF6ZUJ5T,4,1212.45,2024-11-19 01:27:21
UT4MIBBQ,12KCLB6T,P3CO537V,2,1233.5,2024-11-09 01:27:21
VGSMYH5C,Y427YO0S,O8O6IP87,5,329.26,2024-11-23 01:27:21
PVQXVF6B,HWLM7M09,NC9KN6X3,3,1939.25,2024-09-24 01:27:21
SCLXP908,512PMWZU,PNTK9HAX,2,1376.45,2024-04-20 01:27:21
PHECO94D,AOZZUP7Z,DKKVJOIR,3,1815.06,2025-01-04 01:27:21
YQ7HH0UB,8AOS5EWL,WT2E4GZV,2,696.09,2024-07-12 01:27:21
GMZR4SD0,H69R2NC0,I4UQ8A1W,4,967.54,2024-11-10 01:27:21
KHXE2UPN,F2XIN4SX,U4XNQXGX,3,1958.04,2024-07-26 01:27:21
LHPRNW67,HWNNYUPL,4JR79LY8,5,1621.79,2024-12-01 01:27:21
DGZE9NYT,KAYKN1V9,VXT5CI21,5,917.25,2024-08-20 01:27:21
DI7R6G2L,3VLIYNYI,3G12IQMI,2,110.96,2024-09-01 01:27:21
CYMVEFUQ,U4BXISQF,B3IBYF3E,1,73.06,2024-05-08 01:27:21
YRUT17RG,4YTJLHTY,E2A633YU,3,1437.81,2024-09-11 01:27:21
H2MQRQZ2,HNJICOH6,6BMVRQTC,2,84.33,2024-12-12 01:27:21
SCESG3LZ,XHPVSZYZ,HRKAMMEN,3,1880.11,2024-05-09 01:27:21
7A4ZVZNB,KDWSG30L,CKW9T8IH,5,454.95,2024-08-25 01:27:21
0T5I8YOJ,JSE71TR0,AYTOLZV3,5,224.45,2024-10-17 01:27:21
AIMZ3W27,147XO9B4,BBMVTJVK,4,1798.29,2024-12-15 01:27:21
5MSRRBHA,CAY0SPN5,NZH5K4JW,2,1010.91,2024-08-17 01:27:21
O1HT3F1X,VQ9ZKA0C,88O6KMVV,3,1242.52,2024-08-19 01:27:21
OPO0PILS,DESNONZ1,R39B89AH,5,1223.17,2024-12-25 01:27:21
254BR2UN,IZDN27LY,8QJ5I82M,4,1261.74,2024-11-15 01:27:21
IZSP5EIO,WZ8M0IAA,2L6WSFVE,3,987.52,2024-08-06 01:27:21
JW9BLGDF,T5M6TR2L,TKU164LQ,2,555.88,2025-01-05 01:27:21
PQP9SG4A,M8699ZDD,NC9KN6X3,4,1412.39,2024-04-06 01:27:21
LVIGJKQ8,1YWB8S85,KL50BI9W,2,1998.46,2025-01-17 01:27:21
DZLBJ0T9,W1Z8KW19,Y1E36Y4W,2,506.41,2024-09-30 01:27:21
QFVSBP6F,1YWB8S85,FZL6JUUO,4,1815.76,2024-10-22 01:27:21
24KU6N66,HNWBJIRZ,IQRP5MCY,4,320.32,2024-11-11 01:27:21
GNRG0LDM,SIT60O8V,AX1F64W8,2,1391.84,2024-03-04 01:27:21
UEZ1GTTF,VMSA61G9,9CYU4RIP,1,1879.71,2024-08-11 01:27:21
2QDELCTC,PCZ453JF,47NMHVKV,5,550.71,2024-10-28 01:27:21
XFAGEPP2,XOEP1KZ9,PYPXPU29,5,976.09,2024-09-20 01:27:21
7OSKVPFO,MD8V51NQ,9CBKIQNQ,1,669.24,2024-05-15 01:27:21
UVKD04RH,SMMJZW20,8OBAUH78,2,75.13,2024-09-18 01:27:21
JCSE4TPS,JAWYPB33,0GNSGCAQ,4,1906.47,2024-12-13 01:27:21
E112AN1A,1CXR7WIC,S5MEMGTP,3,700.33,2024-10-29 01:27:21
SEKKARPA,KDKXAVLA,BAOJFVFG,3,452.66,2024-10-10 01:27:21
16PKZRRH,OJY0PXD6,4Z2UHPHZ,5,208.38,2024-03-12 01:27:21
ZFVS3S0C,QV2A74RO,MPS0OZIL,2,1562.42,2024-10-23 01:27:21
MRVIE31W,FY0R3GNT,Z40V4ZFK,1,374.52,2024-11-23 01:27:21
2B6F4Y6M,1SS439PZ,6S2BADS9,5,1739.67,2024-11-01 01:27:21
HM6DG860,U2M2VLYH,Q7ELNW8Y,2,589.47,2024-11-05 01:27:21
ZL0CIDR9,NDWUX9U8,RDO2PXKG,5,997.35,2024-11-05 01:27:21
X42QSBS6,RMIK29O5,DG95TN9P,2,643.47,2024-08-30 01:27:21
9JDNJNQY,JF5N6GM8,6Z54I8X8,1,758.93,2024-06-27 01:27:21
A98UTO27,512PMWZU,ASWIP4OY,1,746.04,2024-09-03 01:27:21
R783K770,GUNXZU60,O3LORWY1,5,1635.57,2024-10-06 01:27:21
36JCVK5N,PV5SQEIL,ZL1EAPXL,2,1221.85,2024-04-16 01:27:21
JOCPBRRS,12KCLB6T,5XJ3OLV4,2,1050.16,2024-10-06 01:27:21
MQS3LM5A,QMUQRGR8,OPFV2LO2,4,1043.91,2024-11-05 01:27:21
AJHYE9UU,201J5DKM,XUDSEUCI,4,1825.27,2024-05-27 01:27:21
WT3RHN89,UPOK8JAJ,ATOX6CER,3,1688.2,2024-05-14 01:27:21
16J3NJCB,NQ653HN6,35HOOIF8,1,296.47,2024-07-23 01:27:21
5QW1J33S,7PKKORI2,XILFRO99,1,927.46,2024-07-22 01:27:21
WBZV2DFE,R3A6CP5A,Q62AQS17,5,583.03,2024-07-28 01:27:21
VQD8PYNA,EZ7C2GYG,O4GQ33ZH,3,1168.31,2024-02-01 01:27:21
F37CAQN1,AT1LMXEG,ZAQYP8KG,5,590.37,2024-07-21 01:27:21
TBRD9CG9,KCRYD5A4,3LB8VKDR,1,498.71,2024-08-02 01:27:21
0FMUUL4O,77O3YMAQ,O449MV2M,3,1211.79,2024-12-12 01:27:21
CY4BHBAN,EMVK176D,E7F6MJVV,4,1844.97,2024-05-23 01:27:21
1QDJH2T0,M5T14M6S,359X2CRZ,3,1313.8,2024-03-10 01:27:21
66XG7RT5,SZDJE8EE,NKGEX874,3,74.8,2024-07-09 01:27:21
TM4HYZSG,NZHAOZEY,FJHPEKZK,4,1415.34,2024-09-15 01:27:21
YF9FLYSX,M43D75IW,WI680GEF,1,660.44,2024-08-27 01:27:21
KD6E3RF4,YT4MKELO,47NMHVKV,3,1905.05,2024-09-06 01:27:21
VLMG3DDR,11CLVCQX,UPXPRL2O,5,792.45,2024-03-10 01:27:21
35WAP3IG,J1IUBHIC,7SKO6U2I,2,1393.76,2024-03-20 01:27:21
NBDV19I7,V65JESP7,M51BGCJ3,4,1209.47,2024-06-03 01:27:21
G38Y0EX6,RGRVFU1I,RDO2PXKG,3,1182.77,2024-09-13 01:27:21
24POED8E,YB9KLYBF,GODPHPND,4,984.05,2024-06-29 01:27:21
I403U1SI,A4Y9GS3K,3TPSMMBO,4,1089.44,2024-12-01 01:27:21
YNY5HV7Y,OWEZMMHH,Q4E7BLCJ,2,819.52,2024-06-08 01:27:21
TKAK9YQX,KL7YXF3X,F1FUEMEY,2,1359.21,2024-03-18 01:27:21
0GBF7EC2,4IRAM4CE,8XZJ8KIC,2,835.99,2024-05-21 01:27:21
83NR6X7S,P4626W1T,CXAG0FPK,3,692.97,2024-11-03 01:27:21
DAFPRCU5,40J6UQAZ,5RRYTMCK,5,1516.65,2024-10-17 01:27:21
B2HHP9DU,UFFLSHBF,5Z411G3O,3,1856.8,2024-11-12 01:27:21
Y5XR4ZEE,EZCMGEDI,41AYFSEM,2,1879.44,2024-08-24 01:27:21
ZJX5CR4J,TO1B0EXJ,LO6233YY,1,956.12,2024-12-12 01:27:21
VTIJ3YJQ,SMS1T0QJ,Z40V4ZFK,3,61.47,2024-02-17 01:27:21
FNE6E3EP,A33YC647,NZE58SE6,3,250.68,2024-04-29 01:27:21
I5ZK5C9F,Y5XALMUW,EV05LBFQ,4,493.16,2024-07-21 01:27:21
2N3RE91H,S00POMXM,2RFVM8UA,1,1798.88,2024-07-23 01:27:21
6GJSMJPK,ETJE61GN,7G7J9FGC,3,462.83,2024-05-10 01:27:21
4NWV408Z,UPFVCIFK,UC9R6QPP,5,1897.38,2024-04-28 01:27:21
IN86LDXH,26SH1144,VRJ8PYT5,2,1207.17,2024-05-03 01:27:21
KX27HL8U,URW2R0BS,5JQCJH9U,4,777.33,2024-11-04 01:27:21
UU6YSOA5,GXPFV56I,SR078FWD,3,911.4,2024-09-08 01:27:21
VTNH2LI3,4AN5GKUV,LO6233YY,4,1318.31,2024-03-23 01:27:21
1T9HQ6VA,3I6PQD22,GXEB7OW9,4,1785.28,2024-04-09 01:27:21
ZR5QR855,1ESNIS89,47NMHVKV,1,1836.88,2024-11-30 01:27:21
5XZQ9VMY,4C5HYVFW,EV4U18FD,1,1893.03,2024-10-21 01:27:21
8OA8Y69A,NS1V56Q9,0GNSGCAQ,2,1906.66,2024-05-29 01:27:21
3S8Z1HUA,X7G35BG3,Q9GM95FF,5,1701.21,2024-11-30 01:27:21
C8E0QPTO,BN1ZU0TT,ZW0EFXJF,3,300.79,2024-11-12 01:27:21
Y5ZGVF8E,0YSU0BIZ,ZL1EAPXL,1,1345.84,2024-03-27 01:27:21
QWPZDHMI,A1NTK313,XIBWU6R6,1,69.95,2024-12-13 01:27:21
7L4B5AJK,6Z3ZPSY9,O3LORWY1,4,196.43,2024-07-29 01:27:21
M629SZ8M,LQFTO6KE,3R9P74RT,5,1164.39,2024-07-20 01:27:21
RAAZPX22,R0BEM5AJ,D9CAO8EA,1,1186.16,2024-05-18 01:27:21
DTKFD0O2,R5JXVJB5,88O6KMVV,2,1350.81,2024-08-18 01:27:21
F7VJMY7A,MHEIJMLZ,YRVETD7W,3,1476.34,2024-08-03 01:27:21
OI4EQ5VS,RFMX6CJ8,59KDGNR1,2,455.99,2024-03-21 01:27:21
2OMX5FB1,HODBB5WH,0G3JU5MV,3,476.49,2024-03-11 01:27:21
IWBGS0A8,HJ06ECE0,5FL1MNLR,5,1032.44,2024-05-14 01:27:21
PHTY9ZQP,YAH06LCP,EIVQNHO6,2,72.71,2024-08-04 01:27:21
PKV7I29X,B8G6Q0MU,4561JV1Y,3,225.6,2024-04-27 01:27:21
I1H0DW6V,HODBB5WH,8OBAUH78,4,1154.89,2024-07-16 01:27:21
EWY87XD5,6QDYBVPK,TBUIRDYN,4,1323.33,2024-08-18 01:27:21
DOJVYAAO,T6ZWREF9,MPS0OZIL,4,183.34,2024-01-27 01:27:21
NAH8FC4F,7XSANIIF,8XZJ8KIC,2,734.65,2024-10-18 01:27:21
FA4GTSCH,H5THIUJ9,78MLC285,5,1597.19,2025-01-01 01:27:21
Z62SA7YE,UPFVCIFK,93WE7QD3,3,205.31,2024-06-27 01:27:21
7L0G09FT,61WBOGJW,9ABEI4JP,2,410.86,2024-08-14 01:27:21
8D20ISDO,RSTD2U9T,4NRACSDL,4,1427.77,2024-09-24 01:27:21
C111EAG6,UN97R5GE,KRB6B2X8,4,1494.57,2024-05-12 01:27:21
6DTPWVWS,LPFX3MVJ,KM1D69R7,3,84.0,2024-07-22 01:27:21
X9QLVKZN,XHA8ZSFN,EIVQNHO6,5,839.26,2024-03-30 01:27:21
VF8J6UIO,1LBV004J,58VQXKGP,5,682.29,2024-02-18 01:27:21
2O4I073F,WZ0DX51Z,FTT6U2K8,1,1930.62,2024-11-17 01:27:21
TKB8U33C,9Y4OX6QB,KXZPWNLY,5,702.78,2024-09-13 01:27:21
S0H1ONMG,RW9HN36U,TL238O0H,3,663.88,2024-01-31 01:27:21
6XUJO5FA,CJ1Y8MVQ,AT6FXY1U,1,693.48,2024-10-03 01:27:21
2U5PM7DJ,EHXP3C30,L1PYNLAL,3,281.05,2024-09-17 01:27:21
3CSO37Z6,519NAU3Q,MZOYYOYZ,5,1928.06,2024-12-13 01:27:21
Z0AL34KA,6OIFGNIR,T551LDOD,4,988.75,2024-08-29 01:27:21
V09644O9,SFRJH1P1,LXD0G88A,3,1221.94,2024-07-15 01:27:21
0DNJZ6IN,P3SNQOG2,MCU1MLEB,5,229.28,2024-11-02 01:27:21
5P705DY2,8N02WY2H,5K31UN5Y,5,1232.23,2025-01-07 01:27:21
ZQVUW19Y,4Y05N6VF,EW138ZX4,1,392.16,2024-03-14 01:27:21
PO6RAXEX,SEFK9IAJ,39JL5I76,4,424.95,2024-10-09 01:27:21
E0SB84W5,K8A3YKW9,65DXPZ50,4,454.91,2024-11-15 01:27:21
7WECUOTX,JR9BVUP2,7WSOXT0D,3,1098.6,2024-10-04 01:27:21
3SZRDLFZ,392W6N3E,PF3JC5ZA,3,1627.89,2025-01-06 01:27:21
HUJ9W0BJ,0E6BSHV2,GNJI0FXF,5,1187.84,2024-09-30 01:27:21
7YTV0CFD,3I6PQD22,4O5THUBU,2,989.91,2024-04-09 01:27:21
U5EJB9YR,Q7SKH8AT,NZH5K4JW,5,1448.91,2024-02-10 01:27:21
WCV5LNIH,CAO5FA1A,Q62AQS17,3,146.86,2024-07-28 01:27:21
0SVAXJR3,W1Z8KW19,NN7J8GLJ,2,578.62,2024-02-26 01:27:21
6FJRPENB,XSN8FJFK,L3Z8KKK0,4,1016.03,2024-07-30 01:27:21
01NMQMQD,Y9W7OBN5,3UCGYWI2,1,730.54,2024-12-12 01:27:21
IRAJGZVJ,AT1LMXEG,SCFGHVTP,5,1075.02,2025-01-07 01:27:21
9QSILVTT,L8VOY9U2,GNCWBFUI,3,654.97,2024-12-31 01:27:21
9FLAZOUI,JX3T5XDX,H37T9O8U,4,204.59,2024-11-23 01:27:21
AMBTPYMI,URXNYX7O,DJDS6PB8,4,783.85,2024-09-29 01:27:21
0OZLMLWL,W1Z8KW19,HZJM5WEW,1,1995.62,2025-01-18 01:27:21
VRCUZGYF,1DY8QZ0O,5FL1MNLR,5,1454.57,2024-04-23 01:27:21
9RA20C9G,82WKIHXP,U71R0Q23,5,1982.13,2024-07-28 01:27:21
DM1SJMND,RFMX6CJ8,HJOIUMHA,3,504.42,2024-12-03 01:27:21
6XB7Q9ZB,MOUANU4P,519T8YDU,5,1228.05,2024-08-16 01:27:21
XI92ZPUU,NN88OWB2,3R9P74RT,4,1364.08,2024-03-07 01:27:21
Q595U3MJ,0UUCU8GV,HC04EO89,4,686.52,2024-07-24 01:27:21
04C58Z7H,IHPZT47Q,GCAG5IH1,4,1499.42,2024-10-04 01:27:21
9JSOY0G6,U95BHS95,ALX6F8NB,3,1405.15,2024-01-25 01:27:21
LC11Z9N4,NDDVBNEH,OJ20PX2E,3,1746.81,2024-03-15 01:27:21
ZM2PLMOS,8MFTDDKS,TKPVQ25L,5,605.96,2024-04-30 01:27:21
H6ECP6XF,OWQJPB0E,UBD9G6AW,5,1124.5,2024-05-28 01:27:21
ER0W46G4,M43D75IW,1PZL8T3J,4,822.27,2024-05-02 01:27:21
INZ13FBS,5BXJCI8G,FG04OG99,1,244.54,2024-08-08 01:27:21
41YE96VG,HIL9IELX,SPPR46YL,2,512.41,2025-01-19 01:27:21
WHDLSDJO,392W6N3E,EW138ZX4,1,1106.88,2025-01-12 01:27:21
NP4QQDJX,HRE3SMAB,CIOMB68N,5,1227.65,2024-03-25 01:27:21
RJGKUYDV,I5A6M644,CAY5RZJV,2,635.34,2024-02-29 01:27:21
K13MVDNS,JB1QQK52,DJEFOQWM,1,186.86,2024-10-28 01:27:21
9AON5TUP,WB2ZVETB,YMH8MARM,2,1005.39,2024-12-31 01:27:21
VJX2GUQE,7U3I361P,YKVMDHNI,1,863.33,2024-11-16 01:27:21
RIHONKNW,JYSB6MOC,ABDDS9HQ,1,1040.8,2025-01-04 01:27:21
MO4VT80B,KDWSG30L,S2APV8PG,4,502.36,2024-03-31 01:27:21
U09XXSOF,NY5XZG87,RP5UZNQY,5,1735.34,2024-12-20 01:27:21
YZCB20OD,9R5CQBB3,5WGCLV4A,4,240.93,2024-07-13 01:27:21
DQVKME70,9W1VNLC9,WCB3877D,4,670.06,2024-11-16 01:27:21
32PT5T0B,LP2TE05M,ZI5L1IR9,2,1288.47,2025-01-09 01:27:21
1H0ACGJP,1IM152HM,WT2E4GZV,2,1716.66,2024-12-05 01:27:21
CAKPZLHP,M5T14M6S,SEZVNO2I,4,1179.47,2024-05-30 01:27:21
T7JKMZFT,PP20EJWU,7A3KS50C,2,1972.73,2024-08-25 01:27:21
10LCMIZS,D2XE6L15,H6VS56O7,2,110.89,2024-09-19 01:27:21
T2YZINSH,LAOX2GQA,RO6GC6O2,3,1936.91,2024-07-06 01:27:21
3CRION58,MJIXJEKK,6NT41GHM,5,417.78,2024-03-22 01:27:21
K1J0NEOW,5IAV88H0,ZTGUSNZR,4,1393.43,2024-07-18 01:27:21
XBORMTNN,28R61E6F,CWC72G0S,4,966.1,2024-11-25 01:27:21
ZQRAT2IQ,BYGYCLWM,K6S3ZDQR,5,84.45,2025-01-01 01:27:21
P4E7IU1V,8MWHQFYA,AA6FDQIK,2,1130.57,2024-09-07 01:27:21
HL3ASS4D,S4WLW6ZH,4RN9W83W,1,1935.01,2024-06-30 01:27:21
X0GZINLU,9WLUW4YN,XNH4SIW7,4,1633.3,2025-01-15 01:27:21
X05DSXAE,KJSH1DVF,PF3JC5ZA,1,965.22,2024-03-25 01:27:21
YLK7YS2J,SDYEI39Z,AETUBCZQ,1,1502.23,2024-11-16 01:27:21
XM4MAKX4,T2YCQY7R,1MBGLRNQ,4,1465.95,2024-05-01 01:27:21
5VE2GS21,549VURPV,ZBR307RN,1,263.58,2025-01-01 01:27:21
S5G18LYX,2LYA0ZNH,2ACLEMSR,3,311.53,2024-04-01 01:27:21
CRFNJT0V,BD6JTPU1,WCB3877D,3,1387.96,2024-04-25 01:27:21
C50T1PK2,E3NKF02U,RDDMGBHK,3,1403.91,2024-11-26 01:27:21
3V7S1GMX,X23IWDXB,CV443PJB,1,191.1,2024-06-30 01:27:21
U22WANN1,RL4CRXMT,N3EVAUR5,4,1994.23,2024-06-24 01:27:21
9DKP7U71,OUSHJEJI,WDOGM8J9,4,1189.82,2024-12-22 01:27:21
NXMK7DBA,24LDU9BF,K29VZ52Q,3,296.43,2024-02-13 01:27:21
WNE36TH4,J3HUIQR5,8AG8YIXW,4,1802.13,2024-07-28 01:27:21
8Q4NOKEY,KAYKN1V9,OB3Y6OY2,4,1057.31,2024-04-11 01:27:21
RLV0S0L2,7NMK32QD,G8BZZ0R7,2,746.74,2024-06-04 01:27:21
5AXL50N7,QRPGPDUK,EV4U18FD,5,1377.63,2024-05-08 01:27:21
AUCJ8HPB,V18IX10H,ZW0EFXJF,5,536.75,2024-01-27 01:27:21
W3JPRW6H,T2YCQY7R,P2FFJAJG,4,920.29,2024-08-26 01:27:21
TAUNJYE1,QQL96NI6,RMINOUY9,2,1440.35,2024-06-15 01:27:21
BFMLGNHQ,Z8FAH32N,8NUS24DC,1,563.14,2024-06-06 01:27:21
LLD4SF1A,GUNXZU60,QJ0QQFRR,5,1548.04,2025-01-12 01:27:21
WNQMJ6J4,5DTF02HO,KJOSIEA0,5,684.55,2025-01-19 01:27:21
HXV4JPGH,0APQWNEY,9C6R7OTY,3,377.46,2024-03-24 01:27:21
U8P8EDT2,6SQOGYK3,FL8IJ8HY,5,1162.37,2024-12-17 01:27:21
22D3DY7U,4Y05N6VF,6PZH7NG3,5,72.76,2024-04-19 01:27:21
GGHXBFN4,MXI5OYNU,U064M9IE,5,1992.1,2024-09-11 01:27:21
52GUDLT5,A1NTK313,PVIEHGSB,3,1462.86,2024-11-16 01:27:21
QUGF86GK,SEFK9IAJ,2USFML0W,3,1494.91,2024-05-30 01:27:21
USJSQDT5,SFM9B6EG,BBMVTJVK,3,1932.72,2024-11-27 01:27:21
LO5M2M8Q,YZLYEVM2,MLJ456P5,1,1954.93,2024-01-31 01:27:21
Z337PXVC,VH6EFJQR,H8PJRF5B,3,985.06,2024-10-31 01:27:21
0Z04VUVL,PCZ453JF,HF9B6EPK,4,1806.25,2024-05-14 01:27:21
N0HNYO4B,MO0MBOMI,ZEL4KX95,3,184.79,2024-08-02 01:27:21
U1VU6BXD,4UMY89IS,W8PXJ2TX,5,897.88,2024-11-03 01:27:21
WG4VUKKG,TQE7GCW0,DC5JJWE0,3,1576.39,2024-10-05 01:27:21
YZITK5UJ,18XYXVY2,OJBQETGO,5,433.6,2024-02-10 01:27:21
9HN5PO6Y,X05AEAEE,DD4KBV8P,3,150.74,2024-02-14 01:27:21
3FLFXNHK,5AWB37MF,164CS5ZH,3,348.46,2024-03-19 01:27:21
ZYSA7XK3,9AB3O085,UG9JP271,4,1298.67,2024-03-27 01:27:21
EC3OYQD5,GRDX84CI,G8BZZ0R7,1,133.9,2024-05-05 01:27:21
KV55XOID,3T2S6TM5,LO6233YY,5,1988.45,2024-10-24 01:27:21
JBIJR9XW,XMMO455U,G2KZ4DTY,1,1188.1,2024-06-11 01:27:21
JDTA5IVY,GBNCYO98,QT5HDGG0,2,97.13,2024-06-27 01:27:21
1K86RMDY,UQ43I293,B2ZO6Y91,2,570.21,2024-05-29 01:27:21
DHJ06FGM,LIBB7LU6,6YNOIFK9,2,54.22,2025-01-22 01:27:21
4KH45J6O,2W4OCHQW,9B0CSDDL,3,1702.81,2024-04-05 01:27:21
H80PDUT1,ZUX2N4J1,ZL1EAPXL,5,1960.12,2024-12-13 01:27:21
EOPCGUB9,BZPKLTRX,GZRUXC88,5,836.42,2024-10-25 01:27:21
OYGHGB9S,MQCP30UQ,8UIRCN1C,2,1319.5,2024-06-09 01:27:21
E0XKPQGI,1BJLOEDK,39JL5I76,1,609.81,2024-04-28 01:27:21
IFSFVPVA,3JMYS33I,R3LNSINC,4,624.0,2024-04-18 01:27:21
C6JJ79KG,RLRVQ8WY,96X04X6G,2,103.79,2024-09-13 01:27:21
DODZMSIT,S72G8HOT,IUHRQ3FA,3,1173.77,2024-04-03 01:27:21
8E6WY6CJ,392W6N3E,0NMGBUBJ,4,995.54,2024-03-19 01:27:21
V24590Q9,QT8SE2YA,LSJNMLYT,2,1327.17,2024-10-04 01:27:21
3YYJFLUK,T2YCQY7R,36D5FJRT,4,1193.5,2024-09-21 01:27:21
U7XXMLHI,E3NKF02U,YQA66PX3,3,52.63,2024-04-10 01:27:21
QVUSXBA3,IESYC10Q,4UXTSVOR,4,1947.37,2024-10-26 01:27:21
PKNFIFEG,80E525AW,Y1OU6C83,1,337.35,2024-09-21 01:27:21
DINY2R1R,OJFSH6SK,QLOCF8PM,4,886.18,2024-11-14 01:27:21
Y0IF1F5E,Y6A1YR04,DY6R8YWX,5,525.66,2024-06-23 01:27:21
FV759T6M,S0NNNCG1,CAY5RZJV,1,1251.18,2024-07-09 01:27:21
AMINC8MW,146864WW,5XJ3OLV4,3,406.13,2024-07-28 01:27:21
EMIWDU67,4J37098L,LJVP5YQN,5,1223.48,2024-12-06 01:27:21
PFTPDMJ1,XSN8FJFK,5FL1MNLR,5,1924.91,2024-10-15 01:27:21
G5LGUH0P,SIT60O8V,FGD2XQ3W,5,1465.61,2024-03-22 01:27:21
IJ25SL3L,R3A6CP5A,I7U240QF,1,942.64,2024-11-17 01:27:21
AVCQJHF0,TUMBJ9OH,ZEL4KX95,4,755.39,2024-11-01 01:27:21
5J9SPLR8,U2M2VLYH,VZPJQLYB,5,995.43,2024-10-05 01:27:21
JLLC37NC,M8699ZDD,V3LTXJ6J,1,424.56,2024-08-31 01:27:21
BQG20G4Y,U4X9HBF0,ADGI3YIB,1,1758.02,2024-09-23 01:27:21
TJSCEZ2C,DQYPKWKN,HCAVY03I,2,890.14,2024-08-08 01:27:21
GVKVJPB1,J1OT82S0,AA6FDQIK,3,757.36,2024-09-16 01:27:21
5NCC9OA9,Z3L1UEPH,T551LDOD,5,1532.01,2024-11-28 01:27:21
GSSWRQN7,8MWHQFYA,ML61JJHZ,5,1705.66,2024-11-15 01:27:21
FZ8NCHEE,M6KW2HEZ,EXJI3M9W,1,1898.47,2024-02-14 01:27:21
TFSUO13V,33IL8W1V,AEU57MOK,5,102.67,2024-05-02 01:27:21
CK8LX6B6,LADK6DT2,HZUS5Z94,5,582.04,2024-04-06 01:27:21
YR15Y94M,FDMV0KUA,PJM1FRCA,5,1489.55,2024-01-24 01:27:21
S35T1AR6,97X6SESR,PVYOMAP7,5,265.66,2024-02-23 01:27:21
2ELY98ZJ,2BOS8TQW,WT2E4GZV,2,826.8,2024-06-06 01:27:21
H6VGVQ04,1KAL28JJ,R7IMMW2C,1,1936.11,2024-02-23 01:27:21
BYKJ6JR3,1LBV004J,RP5UZNQY,1,1725.44,2024-09-13 01:27:21
ZXP6CX7N,HGLKVLRI,X0UI2EI2,3,245.52,2024-09-27 01:27:21
9KNDNLCK,S2WV8CFL,ECTP5V2K,3,599.97,2024-05-29 01:27:21
5HHLNEXY,OEXKXWGL,MZ4C8L22,1,643.2,2024-04-28 01:27:21
XF5H1J4E,F6R1EOST,5QNJSID5,3,295.74,2024-04-30 01:27:21
IARB2VZ5,TY889UIQ,IXDKZEYK,2,431.29,2024-06-06 01:27:21
CDW8SHRP,5DTF02HO,Y1E36Y4W,3,1220.68,2024-07-08 01:27:21
8BK2W62G,KDKXAVLA,IUHRQ3FA,2,78.83,2024-02-19 01:27:21
8I1KTGFO,APBUIYAU,FG04OG99,5,110.96,2024-12-06 01:27:21
BXLP4F81,I026XLO1,5OEPZMTR,5,1305.73,2024-04-21 01:27:21
00N82WVU,BV5QPBG5,LFHHOZQ0,4,940.05,2024-08-19 01:27:21
XTUA48L6,FY0R3GNT,ARCQ43JM,1,1515.46,2024-12-12 01:27:21
K2GTHAFX,WUASTX9C,HYN93D48,5,1043.72,2024-08-17 01:27:21
I2HEQ78Q,PH49RP53,U71R0Q23,5,1630.0,2024-03-27 01:27:21
6OFO490V,RL4CRXMT,4PAZ9ER9,4,531.26,2024-10-26 01:27:21
9WTODEWW,EM3YL9D3,TJY02SHB,2,1427.29,2024-05-19 01:27:21
6XWMD99F,3X6M678P,VYP0O2KF,3,1190.53,2024-09-25 01:27:21
E2ZO8W6N,3GRZNFU4,OAILU8WW,3,1776.13,2024-12-13 01:27:21
C7VX10PB,ZOKYGLJZ,MZ156C2H,4,533.3,2024-11-16 01:27:21
NN9EZTDN,G6V8L62X,P3DMCVJF,4,885.97,2025-01-05 01:27:21
QSEZY10W,B4PGNCVA,ZGP50QCG,4,1315.05,2024-03-26 01:27:21
R6ZR2T9T,6IYJCVN1,2YHNBDU3,4,1677.73,2024-02-17 01:27:21
27I0GUSL,1LBV004J,YDT8XSL7,5,134.11,2024-09-24 01:27:21
W4ZTQART,PCDZIO49,EKRIP02J,5,1316.36,2024-12-24 01:27:21
LP43EPUA,XH1DU44C,E801VCYB,3,1068.69,2024-09-09 01:27:21
TQ4PDVZ1,MFJ10U6J,GIPLI81R,2,839.95,2024-04-24 01:27:21
MFAYVYDA,7D3WI2JB,9XHX48U8,2,899.51,2024-01-25 01:27:21
OB9SULB0,5GNS04LN,VNGY1UI1,2,541.86,2024-07-06 01:27:21
PGZ8WGMG,96X6CVVK,D3POFECJ,1,834.51,2024-07-25 01:27:21
9ZPJR57Q,ZOKYGLJZ,GNJI0FXF,3,1477.27,2024-11-13 01:27:21
YF3QP9GF,JL2HYPHL,RTN6J60H,5,1945.96,2024-10-01 01:27:21
GITBPOG5,F3JJEAIK,AMSXPARO,5,1987.4,2024-03-06 01:27:21
553SAN2Q,GRZ00IP2,MCU1MLEB,3,1930.26,2025-01-11 01:27:21
9HH6QXFC,K8A6BRVD,XVKRYBM5,5,550.34,2024-11-03 01:27:21
02ZUV0B4,0J4FV94X,IU7DKQGF,4,1794.38,2024-12-23 01:27:21
SBKZIWE9,201J5DKM,SVJ0GRYU,1,1075.69,2024-08-10 01:27:21
9028DD9R,R0BEM5AJ,F244Z1EG,1,185.99,2024-11-03 01:27:21
GPKC31SB,11CLVCQX,SLN73186,1,938.36,2024-02-07 01:27:21
NRX65NM3,4J37098L,X1LW7XVW,5,1679.9,2024-06-01 01:27:21
CZ6QNZOP,2383AN8E,L38LNSYY,3,1548.59,2024-11-03 01:27:21
1Z2S6J6W,MNJ4TM1J,9CYTQ489,5,1111.9,2024-06-24 01:27:21
7RDQPOTL,CNSXD638,N3X95DGZ,3,1556.87,2024-06-27 01:27:21
TKT2Q76F,MW7V3H51,TOVH6QER,3,1847.59,2024-03-03 01:27:21
24YDETVP,YORHTNBT,81A6EVRI,1,1946.06,2024-04-08 01:27:21
1EPM6AAM,5HCWD197,GK5576TO,3,674.52,2024-05-22 01:27:21
K1SA21TZ,J4Q8EN7O,WRS1F2PY,5,144.51,2024-07-22 01:27:21
HYP7IO1N,XVQWSIJY,4IW0F67S,2,1789.74,2024-05-22 01:27:21
DJURXAPJ,SGHN8PHX,2G41AXKQ,3,773.74,2024-10-19 01:27:21
8OLMJ7IQ,ERKKH50B,MPS0OZIL,4,158.49,2024-12-19 01:27:21
1CRKQBKG,LEUEVLII,8JN2DCMJ,4,1159.37,2024-11-28 01:27:21
IQ75ZEO1,B55E1TR6,K6S3ZDQR,1,1210.14,2024-02-16 01:27:21
54IGY9O8,0UUCU8GV,ZZPTLJDY,4,354.92,2024-10-17 01:27:21
05KML8M9,ESFX3ZVU,OAILU8WW,4,212.77,2024-11-27 01:27:21
TQSRE6RH,XOEP1KZ9,O3LORWY1,4,491.79,2024-02-05 01:27:21
U60V1UHD,6OIFGNIR,TWXIEEMP,4,1482.69,2024-08-26 01:27:21
5UFP6IGJ,IX9Y02CY,5K31UN5Y,5,1899.93,2024-01-30 01:27:21
NR2AAJEI,7NMK32QD,Q1IAM9CU,3,337.27,2024-06-04 01:27:21
HSH1Y4BV,ZEBLFZNX,HNAX5UVQ,2,1130.04,2024-10-14 01:27:21
SSCLDGIX,77IALJM5,RKRA7BV9,3,1757.1,2024-03-02 01:27:21
MR7LJZEG,4NNWC7Y5,2RM4C1T4,1,545.15,2024-09-04 01:27:21
3F1N5RF1,6YKVCVXT,N1YAMW45,5,635.65,2024-01-24 01:27:21
UVKH617H,XHA8ZSFN,IA75BTL3,1,1658.56,2024-08-28 01:27:21
6V6CQ2CD,ZKOYA1MI,8YJXNYH2,5,911.12,2024-12-30 01:27:21
LYCOYNXE,K0SDUY9P,XNH4SIW7,1,456.28,2024-07-23 01:27:21
2UGYTUQ4,K0FM5MX8,H7YS1HTS,3,1115.85,2024-03-24 01:27:21
WV68HE0Q,19Z0YBGB,CDBVL8F0,4,1983.72,2024-08-25 01:27:21
RNMQH1PF,S9P45JON,GODPHPND,3,1136.01,2024-12-20 01:27:21
6CNFHI9N,CV2RCWZY,RYVVQN1Y,3,564.84,2024-06-22 01:27:21
2IDWLI94,A0JV6O4V,ML3N4U7F,5,1424.6,2024-03-03 01:27:21
ATCQTVXM,ER96W267,UZNGFSWZ,2,982.78,2024-06-18 01:27:21
J7TS3V9S,2BOS8TQW,9AOTFA5E,2,264.64,2024-11-25 01:27:21
E54PVD9G,T7L0Z7WG,734ILLSK,2,459.35,2024-09-06 01:27:21
1AB47IIA,TJNH78QV,R7IMMW2C,3,1331.29,2024-10-12 01:27:21
AVKXU5VE,77JPNV2K,EYY2CND7,5,879.95,2024-03-27 01:27:21
MKB7TN1M,NS1V56Q9,QIU6T7MO,5,1812.39,2024-07-11 01:27:21
PW4XEBV8,KK1GE02S,4JR79LY8,3,1278.43,2024-11-26 01:27:21
KAIKJA6D,47GC35L5,SML9ACQQ,1,806.03,2024-05-26 01:27:21
CM8DM0SD,HXNTMTT9,N28EKQUB,2,883.85,2024-12-23 01:27:21
10Q8YYT4,0L0VFMQY,KC51NG2W,3,1407.22,2024-06-10 01:27:21
FQ5FR0MX,BV5QPBG5,C2P5MSOP,4,1635.02,2024-06-10 01:27:21
9KW4H50J,U4BXISQF,6PZH7NG3,2,1351.17,2024-08-13 01:27:21
KTP2VZ7B,2BOS8TQW,7G7J9FGC,3,561.13,2024-02-14 01:27:21
JTTLOYX2,4C5HYVFW,0GNSGCAQ,3,511.5,2024-02-23 01:27:21
ZD0RYSTI,LJQ2O7W8,GYZL9WRH,1,1280.33,2024-03-20 01:27:21
LTW34WUS,UNXLNGU2,L7D4UMAJ,1,1812.02,2025-01-09 01:27:21
S1JELDA4,LAOX2GQA,EV4U18FD,1,1765.09,2024-04-08 01:27:21
A30DZONP,H5CVD5BL,RO6RBTY4,1,1594.47,2024-06-01 01:27:21
Y9PT3R6P,80E525AW,Z5K340Q8,2,1803.23,2024-12-02 01:27:21
QLTMNF6K,ADW69W4Z,YZZQX5US,5,209.38,2024-02-29 01:27:21
J3R0VRSW,RILHHY9R,E80CBMMR,5,151.55,2024-10-10 01:27:21
Y8O8YDY9,DMNOM5LN,LD6WV8CA,4,604.81,2024-04-23 01:27:21
DY7L6R5N,RZAK1R9N,LBJVJUI6,2,325.23,2024-01-26 01:27:21
SKDDY3YL,6AMZBOGR,KC51NG2W,4,685.44,2024-02-15 01:27:21
J2AQJOII,5VLYHZ7W,H1HG0SIN,4,629.02,2024-08-24 01:27:21
808G1JSY,M5T14M6S,ECTP5V2K,5,1779.5,2024-06-19 01:27:21
JU7ELKGZ,EM3YL9D3,1Y0U0DWH,1,972.74,2024-07-02 01:27:21
FFQ16Z6U,DOP0SGLF,FL8IJ8HY,3,1701.91,2024-03-18 01:27:21
EQ2SQNL2,MSQNPZIK,SFMTE2J6,4,692.21,2024-02-21 01:27:21
7S69BB6L,TY889UIQ,FN13WYHE,5,396.02,2024-12-12 01:27:21
7L3H49OE,KAYKN1V9,IYQNAZLO,5,1557.53,2024-08-31 01:27:21
BZAXJWAL,4J37098L,BNEI91FW,2,1414.19,2024-12-11 01:27:21
DBKPZKBN,WCZFFNKY,EIS8KHBW,3,1767.28,2024-10-22 01:27:21
6N8DN2YQ,KK1GE02S,FGD2XQ3W,2,1827.31,2024-12-12 01:27:21
PSVK1POM,9752E90N,UCVCX3CG,4,969.38,2024-05-14 01:27:21
H17MHIDE,173RBDMA,UQKJSCI4,4,1998.05,2024-07-12 01:27:21
0LCFLYKW,9YMRDQVU,FWH5QO63,2,1169.87,2025-01-17 01:27:21
5H4AI8J7,88AXYSJV,E5IMXYHC,1,363.91,2024-12-08 01:27:21
XQT60B0L,M4XINQPD,5DWNY8WF,5,1195.39,2024-05-30 01:27:21
L15U9O04,EMVK176D,02ZDZCKY,3,874.51,2024-10-06 01:27:21
DHLPVX1U,VW0X70VC,JDOKYBFD,2,714.31,2024-03-05 01:27:21
W9D3KU3G,P4626W1T,5POL0SVT,3,1982.78,2024-10-22 01:27:21
5O0BCZ9W,4IRAM4CE,SU7KGB4Q,5,715.75,2025-01-22 01:27:21
4XAITKDY,RW9HN36U,5FL1MNLR,4,1713.95,2024-02-09 01:27:21
5UQQSWJZ,HJ06ECE0,0CVIU6H9,1,1020.63,2024-08-19 01:27:21
YIZJ8YYG,HODBB5WH,IA75BTL3,5,1705.47,2024-08-19 01:27:21
0E4WH0IA,SOS8XFJ1,UR1I5ZWQ,2,758.61,2024-10-24 01:27:21
8IJP09VQ,NS1V56Q9,N1YAMW45,5,1697.97,2024-11-18 01:27:21
JAD8W4WP,77IALJM5,AM7OOI5Z,4,1816.0,2024-11-30 01:27:21
P7ZRMW4C,U520RY1M,22WBRAC3,1,789.1,2024-03-06 01:27:21
2RZZZPRL,0J4FV94X,CWC72G0S,5,274.64,2024-04-18 01:27:21
AGJN1U4X,IHPZT47Q,49UA27R6,2,411.02,2024-06-07 01:27:21
4J1D60R5,IUKWXNHX,T6D52ARR,1,279.83,2024-08-24 01:27:21
WH2Z8MO6,WEM8DOYK,G9V32FGO,5,1745.39,2024-04-27 01:27:21
UKGSUY3E,335RENWG,LRU4OLZP,5,1290.17,2024-12-07 01:27:21
3BHLLK11,AY12D7T8,6C5M40S7,4,656.23,2024-06-06 01:27:21
D3GL2S07,H39H60QR,2RFVM8UA,5,1473.11,2024-05-08 01:27:21
BRG5DN6C,9SBEJVWW,10AXRKLW,5,855.56,2024-07-08 01:27:21
QK7ML9AE,DZJW8JGI,USN1D9FR,5,1935.17,2024-12-11 01:27:21
ESFEYPPQ,KAT8DIJ8,Q62AQS17,5,1429.09,2025-01-14 01:27:21
9F87PX47,3GRZNFU4,OHVMZ27U,4,1617.08,2024-09-25 01:27:21
LMD9VKNI,X7G35BG3,BQ2N3E39,1,1058.67,2024-05-18 01:27:21
HTSOTJV0,J7MV1HQQ,YX4MEDPF,4,721.76,2024-12-03 01:27:21
FQ12FMTW,WB2ZVETB,LBD85ST5,1,1083.02,2024-08-07 01:27:21
PKLMIXNV,I2FPNQZE,8MYU7NWV,5,285.99,2024-09-02 01:27:21
8SJLVNH3,KVS0YR7T,SVJ0GRYU,5,181.54,2024-11-20 01:27:21
6YH7NSWY,UPFVCIFK,PZLXDMAU,3,986.26,2024-01-30 01:27:21
F08M0ME0,J0V812W0,AYTOLZV3,4,1031.54,2024-05-05 01:27:21
B07583FV,VHC9CXRF,UYXIGDT2,5,1659.95,2024-11-20 01:27:21
Q4HKOZTG,EIHCKTM0,R5OSKT4T,5,69.49,2024-10-19 01:27:21
PZ7PW67X,ZB0NZWTJ,6NT41GHM,3,1544.62,2024-06-25 01:27:21
D2M2U9UY,I79UTQVN,UQKJSCI4,1,61.38,2024-02-23 01:27:21
19S112L6,JWNDIICU,I7U240QF,3,1548.31,2024-12-03 01:27:21
JKODPJ1J,KFLTP8BH,KJOSIEA0,3,501.98,2024-11-03 01:27:21
YHZFNMQ4,26303BR4,Q9DJLKAT,1,1300.19,2024-09-28 01:27:21
0LTTQ95Y,JWD3PCA7,HXJXJKYF,4,911.89,2024-08-15 01:27:21
P8OV5RKJ,TE30FW2F,FJHPEKZK,4,729.8,2024-07-18 01:27:21
L644TAQI,JSE71TR0,T26AXPM1,2,1492.38,2024-06-16 01:27:21
U525AXAD,XBR8OEGX,EGL19ATF,1,1462.12,2024-08-18 01:27:21
05QWN7V6,I79UTQVN,GWNBWGN3,2,82.91,2024-11-25 01:27:21
G694S1QC,APGS4IWG,70T6LWMF,3,1876.39,2024-11-29 01:27:21
2ARQH21X,VOXP6Z48,1QK03YEF,3,226.01,2024-11-20 01:27:21
JNBTZ0A8,RMIK29O5,X5JUNTAV,1,1873.65,2024-04-29 01:27:21
O9DQU9TO,MFTDB768,IU7DKQGF,2,686.33,2024-03-09 01:27:21
EOGEIUJW,5DTF02HO,AM7OOI5Z,2,147.95,2024-10-03 01:27:21
GCG2T4GD,V0Y4IGIX,C8NMI5J6,1,999.9,2024-12-04 01:27:21
SPTO3GX2,84HJ2Q0G,35HOOIF8,1,941.86,2024-02-23 01:27:21
A2ORO37C,LO73M44F,9XHX48U8,4,1531.9,2024-11-16 01:27:21
RTR2OB08,EIHCKTM0,869JG77D,5,1868.17,2024-08-29 01:27:21
7UWYVF3V,OMHZEQK5,FZL58GMI,4,961.98,2024-12-09 01:27:21
386YR4Y7,WW2G3L0B,W06TDB3S,3,1516.6,2024-05-29 01:27:21
KPIH5HSI,DEIPAI3L,IC2OEQIK,3,1190.87,2024-10-19 01:27:21
EO22HUOI,8MK72WL1,VRJ8PYT5,3,1933.11,2024-05-05 01:27:21
AJJ9YPCN,Z3L1UEPH,3UCGYWI2,3,1030.64,2024-05-09 01:27:21
PDBN81V5,GUNXZU60,1MSK4QUD,2,1712.47,2024-09-12 01:27:21
W705T2J4,9Y4OX6QB,Q1IAM9CU,2,129.33,2024-08-02 01:27:21
UX38FS57,N16KA433,DY6R8YWX,5,1919.22,2024-11-05 01:27:21
95KUDKRI,40J6UQAZ,88O6KMVV,5,117.0,2024-12-25 01:27:21
DLQ92BJD,TFH3MW2P,6923IO5A,3,1068.54,2024-05-28 01:27:21
3OPOVJI7,OX4ZTBJP,EN1WB25K,2,773.06,2024-10-14 01:27:21
5AGQRV7X,JC3FVHAK,JV97TZNJ,2,1196.99,2024-02-11 01:27:21
5UTTF048,40DYBB9O,RQIGA4P1,2,1970.68,2024-10-23 01:27:21
GVJKHSH2,HSKLRQL1,0OB12CLV,2,869.41,2024-10-03 01:27:21
477KL28D,XH1DU44C,F4DQ1J1E,4,264.14,2024-09-29 01:27:21
E4RIL1KD,DONPWAAP,VZPJQLYB,1,1816.05,2024-02-15 01:27:21
8HWUSR8F,IHPZT47Q,8K9I1UKA,1,222.11,2024-12-02 01:27:21
XQ9RHNW2,PG1WAYSB,JJH6G8B4,2,1495.37,2024-10-03 01:27:21
9IE7C9W3,PCZ453JF,CWC72G0S,2,473.02,2024-08-08 01:27:21
OKAMNOLD,5MZ1LD8R,F1FUEMEY,4,801.75,2024-04-08 01:27:21
L4JKP8PR,J4Q8EN7O,4JR79LY8,2,1501.36,2024-12-21 01:27:21
8GSD7ZIB,70PFB43R,6B2C1EO2,1,1495.15,2024-11-28 01:27:21
90GDILS6,IIE4VFQ2,O5LEFQR8,5,1202.22,2024-08-19 01:27:21
PEVXP36V,JQ6E9Q9T,915DQHAZ,2,1813.76,2024-07-01 01:27:21
BPBVJ22L,V1SA2O16,W4PRM058,1,1232.52,2024-12-02 01:27:21
UWPCHG5S,J5NKC8QQ,MZ4C8L22,3,416.74,2025-01-04 01:27:21
YLT7YOJN,TUMBJ9OH,G8BZZ0R7,1,880.71,2024-01-24 01:27:21
EVVUZV38,F8LKJ7JE,BN6J4UO3,3,98.6,2024-03-21 01:27:21
OQGKFXJW,S92JET38,N1KBBDXW,1,850.66,2024-08-22 01:27:21
2F6ZJJJN,FM5LQUYQ,WRS1F2PY,3,497.0,2025-01-13 01:27:21
B4Y60ONJ,O6M7QHCG,RX58QWSO,1,220.4,2024-04-01 01:27:21
F89IQX3Z,ZDWJ7XR6,YJX428EG,2,1657.02,2024-11-24 01:27:21
950HB6JQ,U4BXISQF,9U6FABTW,4,61.52,2024-05-09 01:27:21
GMIEYC24,DJ3B5O12,YRVETD7W,2,93.87,2025-01-21 01:27:21
X3RCBFEB,3PY9XKH2,269QD99K,2,444.37,2024-06-07 01:27:21
BP5WLH22,RILHHY9R,N6WE50HM,1,827.99,2024-06-27 01:27:21
WJGXTERN,ETJE61GN,QT5HDGG0,5,1587.74,2024-05-08 01:27:21
73R67AFB,1BTYFSNS,IP21Q67T,2,304.38,2024-02-07 01:27:21
QX8A1S29,AR8HNGUO,E801VCYB,1,145.65,2024-07-31 01:27:21
4FAE7XPH,EP4UW834,4NRACSDL,3,499.27,2024-12-08 01:27:21
XBFPVRFR,U2MNOE96,TL238O0H,5,1975.75,2024-07-05 01:27:21
18HBKPQY,MHKFO2K7,SMAF9BFP,5,1492.84,2024-11-01 01:27:21
6HMT0ZYM,MNJ4TM1J,LJ8EA9C6,3,582.07,2024-11-08 01:27:21
94NXJM6C,VG5U70G9,UZNGFSWZ,2,274.87,2024-09-25 01:27:21
SPV7C7LX,NZHAOZEY,RO6RBTY4,4,1082.86,2024-04-23 01:27:21
8HHHCK78,QRPGPDUK,R6P3SYSP,2,571.65,2024-10-10 01:27:21
JL4BNSBA,GRDX84CI,4JR79LY8,1,907.4,2024-03-08 01:27:21
9UD1RI0M,LQFTO6KE,BXPAE8JW,5,250.28,2024-12-04 01:27:21
DYHX1P61,ONGP9HN5,NN7J8GLJ,3,706.68,2025-01-14 01:27:21
YXQC7XBF,F6R1EOST,1XKLAA55,3,1418.28,2024-08-27 01:27:21
VAT83S24,Y9W7OBN5,O449MV2M,5,1172.98,2024-11-12 01:27:21
2S5J8V88,3YZ8JAZK,COSXMGS0,3,514.33,2024-06-20 01:27:21
0B9HVXEA,SDYEI39Z,6DV75BWC,3,461.55,2024-05-26 01:27:21
B3ZO4SOL,5S4H3N8K,0CVIU6H9,2,1556.85,2024-02-17 01:27:21
5KXVQCSW,5VS0CHHA,M198R4Y6,2,113.48,2024-08-10 01:27:21
S8XFWVRR,VG5U70G9,AODAPJNU,3,1289.14,2024-03-06 01:27:21
VTWEHNB0,ESFX3ZVU,R6DCLKLT,3,747.14,2024-08-05 01:27:21
9OR1VN5T,XW92TACN,SPUHZ2AS,1,1535.66,2024-02-06 01:27:21
LZEICV4T,OWJA736A,MCRNP0TO,5,1201.87,2024-02-06 01:27:21
HRNG0GKT,HIL9IELX,4TBLMLDP,4,531.36,2024-03-05 01:27:21
WF3UA79U,NZWPF04Q,4TOCZFY0,2,708.54,2024-03-06 01:27:21
NA4C68OW,DJGD6NCJ,ECTP5V2K,5,475.37,2024-06-06 01:27:21
5FUTEF59,2ICGYWSM,U0HE5GP9,5,820.72,2024-08-30 01:27:21
UUWRAVST,ANBEVIKX,DTLBW6L7,1,879.78,2024-12-28 01:27:21
SEWB9TUH,DAMTBO7E,6Y02CKWI,2,353.36,2024-05-01 01:27:21
18F7FC60,7NMK32QD,L2GQZPA1,1,1577.46,2024-09-18 01:27:21
OWXNIN5P,LCG9WQUX,5CJW5TW5,4,1608.08,2024-06-24 01:27:21
VPJ2HEJ5,DRHKSJ8T,NP70W51U,5,1371.74,2024-08-18 01:27:21
D9CQBRIA,GXPFV56I,FZL6JUUO,1,1527.6,2025-01-03 01:27:21
E8MYQ3SX,54KG8GVL,U71R0Q23,2,1429.06,2024-05-25 01:27:21
3SY6N0EJ,XBR8OEGX,Z7PTMCEG,5,1624.57,2024-12-09 01:27:21
7EUFUI8L,2AFBJVY1,4TBLMLDP,2,248.67,2024-01-28 01:27:21
ZTCAKM9Y,7M0C52UT,4UXTSVOR,4,122.27,2024-12-25 01:27:21
QWF57ABP,F2XIN4SX,4UXTSVOR,1,1420.2,2024-07-17 01:27:21
VR9RIDY3,KK1GE02S,ZPRCWZLQ,3,1896.92,2024-05-10 01:27:21
X6WAG1L1,LZ32F4Z6,IQRP5MCY,5,1261.74,2024-02-27 01:27:21
W3LA3J8G,2ICGYWSM,4TBLMLDP,5,777.59,2024-07-25 01:27:21
1BEREYKJ,EQM1VC4Q,BNEI91FW,4,1804.02,2024-03-16 01:27:21
NZ3ZT8NF,EH4LL74S,T91P50CI,1,760.84,2024-08-13 01:27:21
X078BNVT,MO0MBOMI,N5ZPVXJU,1,1488.15,2024-10-20 01:27:21
QRZ9V89P,PN6GHFIV,KTHWEIG0,5,454.82,2024-11-27 01:27:21
GYCAYXXF,C06PFHD2,IAMB05VZ,3,1970.86,2024-06-04 01:27:21
FG1C8J1V,E0NBG7SX,D2U03PVK,3,1979.1,2024-02-27 01:27:21
JBQUTYOL,96SZH4GB,FTT6U2K8,4,1435.62,2024-09-01 01:27:21
YCWV5TJX,VL02ONS6,PFBG968V,4,595.31,2025-01-10 01:27:21
NW84D808,XMMO455U,ZPRCWZLQ,2,1313.7,2024-10-29 01:27:21
88FYJ0J6,99TI21SS,W06TDB3S,4,1876.09,2024-04-19 01:27:21
WKLBPNFH,ST5WEK9D,XBNV369J,3,1808.46,2024-07-20 01:27:21
VD27WRBZ,0E6BSHV2,N6WE50HM,5,456.32,2024-11-05 01:27:21
E8H4BKXW,DESNONZ1,FGD2XQ3W,1,284.59,2024-06-22 01:27:21
0BE56OJ4,6XRI18EH,1AC5D0ZT,3,106.23,2024-04-02 01:27:21
LEXL8XRE,RGRVFU1I,97DYDUA3,5,1696.83,2025-01-13 01:27:21
IIMMN8Z6,7XSANIIF,QCCAHR92,4,469.33,2024-11-08 01:27:21
41NYY58O,Y4ZJ4G2D,02CC6KO6,1,1599.08,2024-07-23 01:27:21
XFUXLT6Q,PCZ453JF,S5MEMGTP,4,1348.43,2024-07-27 01:27:21
13QVM0UI,OD54S94L,NVKYYIJW,1,129.96,2024-08-05 01:27:21
NPI4IPO2,1LWWTIUU,LGZ4ZJ9K,1,1925.23,2024-04-30 01:27:21
IIDXW99M,C5I6P7GJ,ZQK3Y07W,4,409.58,2024-02-23 01:27:21
SDF3T9LG,KHIQXRSW,2RFVM8UA,3,1252.75,2024-08-30 01:27:21
MSASMOIW,47GC35L5,FO38EG29,5,1925.04,2024-05-07 01:27:21
LF9GLGJQ,HGLKVLRI,1MBGLRNQ,3,1613.25,2024-06-03 01:27:21
JQQPS6WS,4UMY89IS,OEBCCRZ3,1,649.51,2024-01-24 01:27:21
98ZGWRQM,A1NTK313,EH522MKZ,4,458.7,2024-10-19 01:27:21
2AZTKAD1,K702BLH7,E94T5O0T,2,1146.93,2024-12-29 01:27:21
1C6OTQXU,1BJLOEDK,A17FQ7G7,4,586.5,2024-11-19 01:27:21
1SNEDK73,UQ96P1V5,RKHOMTHZ,3,675.79,2024-08-02 01:27:21
X4HJP0DZ,MSQNPZIK,BCUTJOIW,1,1864.48,2024-07-02 01:27:21
DA9TM79C,J1IUBHIC,AM7OOI5Z,5,97.81,2024-04-03 01:27:21
RKL94U5X,850Q5AYX,5P7DVRC8,3,656.38,2024-07-03 01:27:21
RDQP9E84,HNJICOH6,7SPL3Y0Z,5,1485.39,2024-01-28 01:27:21
YOM0I0KG,BF07X7DT,7A3KS50C,5,99.3,2024-08-21 01:27:21
JAIIRMQN,Y9W7OBN5,MRTPY5NP,1,947.42,2024-04-29 01:27:21
X1A23I8A,85P97F5A,CV443PJB,5,670.24,2024-05-08 01:27:21
3BG356PI,S7XK6BIZ,EV05LBFQ,5,472.08,2024-07-07 01:27:21
GL0DNCON,M5S6LWGY,8OBAUH78,5,366.61,2025-01-02 01:27:21
JSN5G459,OJY0PXD6,RYIW04UA,3,1128.12,2024-09-16 01:27:21
WSTTOYCG,7OBI45OW,H37T9O8U,2,1581.84,2024-03-29 01:27:21
W3M9SS3D,4S7SF5SS,5DWNY8WF,1,1656.62,2024-05-14 01:27:21
Z8CZ7FMF,W3SESZOR,E6UUB73K,2,1484.78,2024-10-14 01:27:21
ZGY5SAM8,RMFQA51E,4JR79LY8,5,1267.95,2024-04-27 01:27:21
HLBBL6J7,363I3QT6,A0QLXSCI,2,1142.36,2024-03-05 01:27:21
2P5ZZG2L,BABCGOP5,PS1ZBNVF,4,403.14,2024-12-12 01:27:21
VP2RLHPE,LADK6DT2,S9LYFOQE,1,1987.79,2024-12-18 01:27:21
R8B4B4L1,QUNGRV5A,9U6FABTW,1,444.66,2024-07-22 01:27:21
ZIH8C2RV,YAH06LCP,FO38EG29,1,349.95,2024-06-23 01:27:21
Q8R8DAU2,JHTUL29N,KE9S0MHJ,4,815.11,2024-12-11 01:27:21
GR28B7CQ,VL02ONS6,X1LW7XVW,5,1382.51,2024-12-30 01:27:21
OA0VEKC7,B1KMQGY9,4Z6ZKGAB,1,922.54,2024-03-24 01:27:21
YUHXD4TP,QLCCV6LP,QT5HDGG0,4,780.66,2024-04-23 01:27:21
BFR96LK3,SY3MH2CK,IL1AKV79,2,472.98,2024-02-04 01:27:21
W7VA6I9F,97G4RZ5G,NEYIC7Y5,4,237.76,2024-09-17 01:27:21
9C0SU13B,1CXR7WIC,21Z39JOS,5,1686.43,2024-01-30 01:27:21
GRTLYBTW,PG1WAYSB,WS8WLX90,5,285.98,2024-06-20 01:27:21
35R9GOCT,YT4MKELO,G27WDWO6,2,1889.57,2024-03-05 01:27:21
NQJ9HXR7,K8A6BRVD,VRJ8PYT5,4,770.98,2024-07-29 01:27:21
5394OC9Z,EZ2YNG63,7SWDQOIQ,4,1072.09,2024-11-22 01:27:21
U3U78FX8,69H61QUR,NC9KN6X3,4,342.92,2024-03-18 01:27:21
I0XAN4IJ,O4X69PA5,9WC55XBD,4,105.13,2024-09-10 01:27:21
9R1FR96N,ADNPC1FF,9CYTQ489,1,926.19,2025-01-08 01:27:21
CN7WHC3B,6SQOGYK3,Q5JCVID5,3,176.86,2024-02-09 01:27:21
EPAEBBBT,OEXKXWGL,5POL0SVT,2,1058.26,2025-01-03 01:27:21
CFHV2XWU,AV9TNI54,R0TOBDXP,5,213.06,2024-09-22 01:27:21
0DXTYVNR,0RA0JU16,CV443PJB,1,623.87,2024-05-05 01:27:21
NTODZCBB,BEC0SNDR,HECOB89R,1,1302.67,2024-09-16 01:27:21
VTOPP5FP,H5CVD5BL,ECC0B2AA,2,990.0,2024-06-23 01:27:21
GMNTRMT1,AWZI6PB7,HCUI9MEA,5,1859.35,2024-04-27 01:27:21
E2XA74JR,4T7OXKA4,V4BP9J3F,2,1958.69,2024-07-10 01:27:21
D5BVQGFG,RINXXR5C,G1JMGEQU,5,449.03,2024-02-23 01:27:21
QSDY26J9,RSTD2U9T,BBMVTJVK,3,1406.37,2024-12-03 01:27:21
NJ66W9MF,RPZSKZB3,F4DQ1J1E,3,1014.87,2024-10-10 01:27:21
BXQ0BE3D,TZ2QGK55,RMINOUY9,4,560.05,2024-04-16 01:27:21
RME1BLGG,00Z49KOU,C8NMI5J6,1,551.44,2024-06-14 01:27:21
19IB6GEF,4OTK3QP3,A265S73T,4,377.59,2024-05-17 01:27:21
OVM7T6U3,3AWYRIWM,H37O501G,5,1381.6,2024-05-03 01:27:21
MRKSROWH,3V6KNZ03,QTJ70HVT,5,1428.87,2024-10-23 01:27:21
4KIBREVK,FRZ3RRHX,2O7G17FO,3,1329.29,2024-06-04 01:27:21
H843WAQ8,BLWF171V,5DX5JJKH,1,173.93,2024-06-30 01:27:21
KGWXWDB1,X1I435AP,5P7DVRC8,1,1306.02,2024-02-20 01:27:21
4R4CFGWZ,82WKIHXP,2U0L85LB,2,1816.58,2024-11-08 01:27:21
K867Z5Q3,R7OEZ6RT,H0FWN93K,1,1804.02,2024-03-26 01:27:21
RVPO5NXA,1ESNIS89,C958JP1C,1,1312.15,2024-12-13 01:27:21
GAM78LVO,J5NKC8QQ,1NY2M7HU,5,1973.67,2024-02-13 01:27:21
SHJXO5YK,33IL8W1V,9C6R7OTY,5,422.21,2024-11-07 01:27:21
R6C2X4A8,2Z4FJELZ,2USFML0W,2,761.61,2024-02-07 01:27:21
UZPJ7OH9,TX4HC45L,RCXKB13H,5,1623.5,2024-02-10 01:27:21
G3J868D4,ZGL1ZFXP,PO4I1LZR,2,1243.61,2024-08-18 01:27:21
G8XW25XV,DXE6LXNP,LBJVJUI6,5,413.82,2024-11-07 01:27:21
YX1FJHOJ,QLIWJNX8,UL7CU613,1,1021.38,2024-04-22 01:27:21
BWMSDNQV,32DV372Z,0OB12CLV,1,1805.09,2024-09-09 01:27:21
2UNZ4IE7,SJ0GEA0W,5XJ3OLV4,2,121.27,2025-01-19 01:27:21
8HIIZS2P,O6M7QHCG,8FK5TZHC,3,842.67,2024-11-09 01:27:21
F4Y75GSJ,PY168JAD,UBFMOD0S,3,1369.63,2024-10-12 01:27:21
C26LOQTT,13UVCEMW,2G25P0TJ,3,1068.55,2024-08-09 01:27:21
FX907UZP,7M0C52UT,04UPNAGL,2,261.98,2024-06-22 01:27:21
QY6O3LIE,86AKGKUN,5JQCJH9U,5,296.85,2024-04-17 01:27:21
ZIXXFJ8Y,ER96W267,XPYD6KDO,1,751.4,2024-07-14 01:27:21
5YL7WN9N,YKF2R985,IQRP5MCY,3,135.32,2024-02-01 01:27:21
5CKV48T9,G263NPR7,09GSBLFA,3,451.83,2024-04-20 01:27:21
4XLWY47K,DF2BA37X,JWPEVDAZ,1,111.72,2024-02-24 01:27:21
WHWRQ041,19Z0YBGB,WI94GVD3,4,557.87,2024-08-09 01:27:21
2N2HZQVL,WW2G3L0B,E801VCYB,1,1509.09,2024-08-09 01:27:21
1P136ZPU,6OIFGNIR,ADX4VS0W,1,1722.4,2024-12-17 01:27:21
CNVIHLYQ,DEK2D005,13GTMZNG,1,343.68,2024-03-16 01:27:21
5260BV70,GXPFV56I,60OL2B3E,1,1607.76,2024-11-14 01:27:21
JSB4MN0D,2BOS8TQW,E801VCYB,3,1688.22,2024-04-09 01:27:21
VFNCPWTG,QV2A74RO,6W4WRJ2P,1,1340.08,2024-04-18 01:27:21
QXIJ5OEF,G22ZR19Q,FFUZINCP,4,1286.59,2024-12-16 01:27:21
H16OMUHD,O6N0IOCP,PJM1FRCA,2,1644.5,2024-04-08 01:27:21
ELOKVRFM,0I1W8S6T,PYPXPU29,3,340.56,2024-11-04 01:27:21
4OTJ1465,1N9VK0FM,HC04EO89,4,1342.98,2024-03-15 01:27:21
4YVQUG52,J7MV1HQQ,OF4K8D4J,1,924.13,2024-10-28 01:27:21
UPTU55VI,ELEZ2O5Y,MBPXVFDO,3,1367.77,2024-07-02 01:27:21
YRFAAJYR,I52SJETD,USN1D9FR,4,1696.54,2024-01-27 01:27:21
V8VNT871,724U6N3J,XRQOO90G,2,1222.29,2024-03-17 01:27:21
HQ8IMXCD,IKM3U8QV,EKD0J16P,5,1365.69,2024-12-07 01:27:21
FOF51OL5,XSN8FJFK,13GTMZNG,1,1632.26,2024-02-10 01:27:21
3J2MOJFR,ON4VY3G2,H7T6R2BQ,2,1541.43,2024-02-12 01:27:21
PO5L8M50,549VURPV,DG95TN9P,1,1798.72,2024-10-22 01:27:21
N3H5EET8,4NT2HVMP,WFFION9H,4,1985.04,2024-02-22 01:27:21
QJIBNRZ7,GEXBO4YG,OPFV2LO2,2,1867.48,2024-05-09 01:27:21
QIUB38I7,U2MNOE96,Y8M6PHD6,3,769.04,2025-01-20 01:27:21
JWKN5MBP,H0I5XYI2,VWJ2A1D7,3,1777.4,2024-01-28 01:27:21
5S6BR91K,40DYBB9O,G6RIXT72,4,1346.2,2024-11-25 01:27:21
DJ55C5J0,A4Y9GS3K,XPYD6KDO,4,89.79,2024-04-09 01:27:21
61T6PVA9,5S4H3N8K,42IJ2QZT,2,1413.44,2025-01-09 01:27:21
A0D223EL,3KAVLOKZ,ZY4WY8H5,2,163.53,2024-10-18 01:27:21
DYYUQ4QH,5BXJCI8G,TWHPOWD9,5,161.61,2024-06-25 01:27:21
40OID4G4,CUOTLE6Z,DG95TN9P,3,689.05,2025-01-14 01:27:21
K3LR5ON2,7OBI45OW,H2EJTP3M,1,915.39,2024-07-17 01:27:21
006KPOK8,KRMXF6WU,ZZPTLJDY,5,759.47,2024-12-17 01:27:21
FGFJC43T,URXNYX7O,ABDDS9HQ,2,1802.51,2024-10-19 01:27:21
2LBE7J5E,5XB4T2YI,CRBAHD51,3,862.74,2024-04-20 01:27:21
BXT4DJNJ,O8EHMU6J,2SDAJ9VR,4,1755.69,2024-05-26 01:27:21
V1W6U9FH,M4XINQPD,YRVETD7W,5,989.0,2024-09-07 01:27:21
P68QX5P1,J1OT82S0,W24S3Z87,2,578.54,2024-12-06 01:27:21
H0L4TTW1,88AXYSJV,DC5JJWE0,1,746.13,2024-08-24 01:27:21
KOVPRIRW,01PWALHT,V4BP9J3F,3,1541.44,2024-01-27 01:27:21
WSV4OIWD,7FIUMD25,RYVVQN1Y,1,745.08,2024-09-29 01:27:21
TZOONY0T,34T3FDJL,9OE8G2X8,3,1060.89,2024-12-04 01:27:21
3R2W5RML,MBMG570M,888SURFS,1,1743.59,2024-04-08 01:27:21
6JPHBD3B,CEG3XTV6,ZAQYP8KG,1,662.79,2025-01-07 01:27:21
EMP2PQ13,F6R1EOST,1XKLAA55,4,334.03,2024-02-13 01:27:21
FZ13OIPL,AUJIQQM7,EN1WB25K,4,384.12,2024-09-15 01:27:21
MBDL2QW0,3NVL30TZ,IS198RWQ,3,1683.75,2024-05-09 01:27:21
83RD0CIW,IUKWXNHX,G1JMGEQU,2,486.99,2024-02-07 01:27:21
GDEBXS4O,52QRD0DN,2U0L85LB,4,1122.44,2024-02-06 01:27:21
XCPY0AKZ,82T26MVB,5POL0SVT,5,1773.62,2024-03-14 01:27:21
M9D0IWDG,FM5LQUYQ,5XJ3OLV4,1,1885.23,2024-05-07 01:27:21
YZQCWCCB,SY3MH2CK,BNEI91FW,5,1553.25,2024-03-29 01:27:21
TVUCME6Q,T5M6TR2L,GWNBWGN3,5,580.85,2024-07-03 01:27:21
OPCKK8GY,84HJ2Q0G,6DV75BWC,1,1403.78,2024-12-29 01:27:21
NH3JPIRT,OVCWVBZH,CSC6C25W,2,969.04,2024-05-08 01:27:21
75VIWI2B,OB4CP658,65WA1SSQ,4,1963.52,2024-06-18 01:27:21
HUXK2K0D,NY5XZG87,VRBM8913,4,794.94,2024-02-01 01:27:21
HNCMSTW9,F3WNYZ5P,IA75BTL3,4,268.84,2024-04-27 01:27:21
KPB9SOEQ,L20H6BWJ,CDBVL8F0,1,85.9,2024-04-14 01:27:21
4YUSKY3T,3YWCP9NI,K29VZ52Q,2,1123.6,2024-07-10 01:27:21
IY1RZZDP,TGG5LQN5,AODAPJNU,3,199.74,2024-05-14 01:27:21
WJW217JG,ETJE61GN,Z4YM9GLZ,4,97.09,2024-05-13 01:27:21
NXS0N9EJ,QMDUL3C4,UR1I5ZWQ,1,985.99,2024-03-14 01:27:21
KZOTLTOC,RGE1HH4I,TOVH6QER,1,534.5,2024-12-02 01:27:21
M6BPIYCB,7IVPP3LV,CDBVL8F0,2,50.36,2024-05-11 01:27:21
SZH5TZX1,Y492AHVC,Q5JCVID5,3,960.7,2024-07-15 01:27:21
3RX16NLJ,0OM5NH04,11CHJSLJ,3,856.97,2024-08-13 01:27:21
NLHNN90D,3HDD5Y82,NP6HHF8W,5,227.33,2024-04-20 01:27:21
Z231P6LJ,TGG5LQN5,164CS5ZH,3,312.69,2024-11-20 01:27:21
BN47RDNO,FXY75398,4RZS612A,5,131.45,2024-06-30 01:27:21
N8F9IIBX,X4629BNT,ARCQ43JM,1,1124.03,2024-04-22 01:27:21
9LVLCV01,U520RY1M,J1A3U51U,2,1650.18,2024-11-04 01:27:21
4ZWCUVJ6,MO0MBOMI,CT5QVHOX,4,359.91,2024-12-16 01:27:21
787B845I,86AKGKUN,1UDPJ96H,3,1939.72,2024-12-17 01:27:21
5J5FA3K5,7LQZ2QT4,5I29U1VG,1,305.07,2024-03-08 01:27:21
I655Z6YV,7YF5K423,PJM1FRCA,5,1389.76,2025-01-12 01:27:21
R9M1A1EL,NJWPIU9O,N2YFHWR2,1,1899.14,2024-04-16 01:27:21
12VIDKDF,CAO5FA1A,LFHHOZQ0,5,1626.51,2024-04-19 01:27:21
WMQ1TG2P,LVIM5P9A,3Q4S1NI5,3,96.79,2024-03-14 01:27:21
VU9GSVEJ,DWU2C34A,X6QZANXG,5,1023.38,2024-07-25 01:27:21
PA1D033K,K8A3YKW9,NZH5K4JW,3,619.78,2024-07-14 01:27:21
2P1KZZ3E,0RUI5RH8,6C5M40S7,4,1520.88,2024-10-31 01:27:21
3DVAGHKB,SEOHUXIM,YMH8MARM,4,1788.71,2024-04-27 01:27:21
4EFEA33I,2LYA0ZNH,W24S3Z87,1,1083.39,2024-02-24 01:27:21
A8HCMFN7,E5WBAH22,OJ71PK0K,4,990.29,2024-01-28 01:27:21
5DNIOKSX,5M6JLNQJ,4JR79LY8,5,1816.42,2024-05-30 01:27:21
D17D2YPG,2W4OCHQW,0OB12CLV,5,1107.99,2025-01-11 01:27:21
0H4HG0YW,1YWB8S85,GKMSMD0A,2,813.01,2024-03-04 01:27:21
BGIND64E,5AWB37MF,BCUTJOIW,1,1277.62,2024-11-27 01:27:21
YB2FW2E2,146864WW,H7YS1HTS,5,1547.65,2024-10-14 01:27:21
7QCJFRNQ,W8YEMG2A,Y1E36Y4W,1,297.85,2024-02-28 01:27:21
U4DQIMU9,IHPZT47Q,QWXZSWZD,2,134.97,2024-11-15 01:27:21
VN77682W,JX3T5XDX,WDU7N8RA,2,1572.37,2024-06-06 01:27:21
J5GYRH5V,3GRZNFU4,IA75BTL3,2,498.71,2024-08-12 01:27:21
LKVCCORW,8MFTDDKS,XILFRO99,4,962.61,2024-11-24 01:27:21
MKTFN916,26SH1144,XLMRSRTG,1,673.02,2024-03-07 01:27:21
8EOPJS2F,6P55GFPM,WDU7N8RA,5,1700.49,2024-05-08 01:27:21
LHC5S526,26SH1144,TV1YT98B,4,1832.16,2024-09-25 01:27:21
Y1Q1T1A4,U95BHS95,R46Z58XU,2,1460.13,2024-11-06 01:27:21
LM96M8WE,YAQLXTL8,VNGY1UI1,5,586.63,2024-04-20 01:27:21
3DOFG41N,PCZ453JF,RCG7D9FZ,3,651.39,2024-11-30 01:27:21
GMVK91HX,ZEBLFZNX,L2GQZPA1,2,1984.33,2024-06-01 01:27:21
9F219Y5D,EMVK176D,NQ725VUG,2,1353.22,2024-08-26 01:27:21
ZAU7I78H,BLNF2UAL,C958JP1C,2,1424.1,2024-09-06 01:27:21
ONFCIRLA,MD8V51NQ,KTHWEIG0,5,480.38,2024-03-17 01:27:21
MYEFI2WZ,R7OEZ6RT,SB6RKBHO,2,1215.09,2024-06-08 01:27:21
XJJBEB7F,GZWQ0MRB,QIUS6LHV,2,505.27,2024-10-18 01:27:21
WC86QZ3V,C06PFHD2,1XKLAA55,2,950.03,2024-03-16 01:27:21
QS26M6I9,TY889UIQ,SU7KGB4Q,5,1067.55,2024-07-12 01:27:21
00XWA68Q,ZGL1ZFXP,47NMHVKV,1,1980.34,2024-03-23 01:27:21
O8I65FHL,DRHKSJ8T,5AJ885LP,3,935.93,2024-09-25 01:27:21
RPL1LQG2,519NAU3Q,VRJ8PYT5,1,1661.42,2024-12-27 01:27:21
JX95UULK,18XYXVY2,L7D4UMAJ,4,407.8,2024-08-05 01:27:21
F59FO54M,99TI21SS,6923IO5A,2,1560.21,2024-11-06 01:27:21
F0B2WXH0,549VURPV,TKPVQ25L,1,861.09,2024-08-17 01:27:21
B8KAOSYR,045FOSPL,SLZ1VJZD,5,929.1,2024-02-02 01:27:21
FPTAZZ6G,86AKGKUN,29GBCSQK,5,842.41,2024-04-19 01:27:21
UOM4WOZ8,M0UUYZ8E,VWWBWHLP,2,1378.75,2024-07-25 01:27:21
NV75N41O,LEUEVLII,D3POFECJ,2,945.13,2024-06-27 01:27:21
UB6VAUBV,M1M0HUYQ,EH522MKZ,2,470.89,2024-11-25 01:27:21
5HF5NFEY,Y427YO0S,A6ZPRV3Z,5,89.14,2024-02-12 01:27:21
9X2S62E3,HXNTMTT9,H56AO68B,2,197.33,2025-01-18 01:27:21
BR7MXP61,RJ34LEKE,UK2X0FD5,1,654.6,2024-12-12 01:27:21
ZAOO4RQ2,6OIFGNIR,G8H32IFX,2,110.51,2024-07-13 01:27:21
5R6B77I8,ST5WEK9D,BTQ4EIV3,2,677.04,2025-01-04 01:27:21
Q79IOBLQ,YKTEGSJS,8PLX84XZ,3,341.48,2024-03-23 01:27:21
WKU99EE7,C4WLM4GQ,USN1D9FR,4,1306.47,2024-03-26 01:27:21
0Y7LAQFV,WZ0DX51Z,YQH26RXG,1,1319.85,2024-10-19 01:27:21
KIQQOXU6,WUASTX9C,NC9KN6X3,2,1630.06,2024-08-29 01:27:21
R5GRE590,1BTYFSNS,02CC6KO6,3,371.09,2024-09-24 01:27:21
J6AEVHD7,91DR0DG0,R7IMMW2C,5,494.32,2024-07-19 01:27:21
39RXJP8X,IESYC10Q,0NZFFGK5,4,100.43,2024-05-04 01:27:21
K2KNGW4M,K8A3YKW9,9GTJD61S,2,1666.42,2024-11-14 01:27:21
NOSC2FJA,D54JEBDH,G8H32IFX,1,1948.29,2024-10-19 01:27:21
JKFOVVHF,OPOEXFWH,IUHRQ3FA,3,1960.58,2024-10-21 01:27:21
J2176L2I,YAH06LCP,ASWIP4OY,4,1256.38,2024-08-29 01:27:21
4XEC278U,G56UZDZM,B4U4K6UB,3,644.73,2024-03-19 01:27:21
CBDDR60G,80E525AW,EYA0PFMG,2,970.18,2024-05-15 01:27:21
YHREV5PJ,4AN5GKUV,ZPRCWZLQ,5,475.44,2024-11-01 01:27:21
JUS91GBX,8MWHQFYA,0GNSGCAQ,3,74.68,2024-09-17 01:27:21
BXE5GTH6,8EVME9U2,8FK5TZHC,4,623.84,2024-06-03 01:27:21
FWSBEVHA,4IRAM4CE,78KX41X4,4,813.45,2024-05-23 01:27:21
QSBM951P,OUSHJEJI,NVT8S4NZ,1,294.88,2024-10-05 01:27:21
NDJSKKFU,6EE9CMP0,7F1N4VWX,5,1340.19,2024-11-25 01:27:21
9B0GDB8O,UNXLNGU2,5JQCJH9U,5,767.72,2024-04-27 01:27:21
WBMPT8QH,9AH3EM7M,FKQYYT4J,1,272.72,2024-03-07 01:27:21
V0U6KJR6,JAWYPB33,ZB669UWB,3,1961.79,2024-05-10 01:27:21
Y1BXE0S6,OWQJPB0E,XP8GG6DJ,5,1786.47,2024-12-16 01:27:21
OSMLAAX7,EZ7C2GYG,RO6GC6O2,1,438.28,2024-05-17 01:27:21
GJ4YBRVR,G3U8ECGX,8SA9JPPG,4,1154.36,2024-12-09 01:27:21
7KNXD9GE,10SVNCWE,U064M9IE,3,582.04,2024-01-26 01:27:21
DZ50F6EA,K8A6BRVD,KE9S0MHJ,5,482.55,2024-10-09 01:27:21
5C529JWB,2W4OCHQW,4CUN9RV4,4,1179.74,2024-12-14 01:27:21
JBJQT3Z1,T2YCQY7R,81A6EVRI,5,1906.21,2024-09-19 01:27:21
N2YV1U0Z,7YF5K423,2A62RF5N,2,109.0,2024-11-25 01:27:21
BIC8JX9S,TGG5LQN5,68S9B9LF,2,795.71,2025-01-09 01:27:21
30DTGL9Q,519NAU3Q,USN1D9FR,5,531.03,2025-01-01 01:27:21
9ERH3CIO,5VLYHZ7W,GBJWT9MA,3,867.56,2024-10-22 01:27:21
K1NAK7CW,2Z4FJELZ,U0WUM8GB,3,659.38,2024-04-11 01:27:21
2CW6ZUX6,8N02WY2H,GXEB7OW9,3,232.14,2024-06-13 01:27:21
VHEGGCKZ,1DY8QZ0O,Y3V5PSJL,5,1754.62,2024-07-14 01:27:21
OCBTIAAI,6AMZBOGR,LXD0G88A,4,1513.2,2024-04-25 01:27:21
290D4Q34,IJ4QA2WZ,Q5JCVID5,4,620.38,2024-02-11 01:27:21
0Z0NALS2,AWZI6PB7,H37T9O8U,4,1354.99,2024-03-12 01:27:21
MFE99LUY,B5CQ8QZQ,5WGCLV4A,4,632.38,2024-02-04 01:27:21
CV7DZFJ3,S7XK6BIZ,QA8E5EKJ,3,645.9,2024-10-13 01:27:21
71UJ6BCW,BD5K9X3X,75UI5K4P,5,1978.07,2024-08-26 01:27:21
V1OMQAFE,96SZH4GB,6PZH7NG3,1,324.0,2025-01-12 01:27:21
0EEN0X8Z,XB9AFEM1,29GBCSQK,5,78.92,2024-06-24 01:27:21
TP8ADM93,NK27CLEH,JFSK0D14,5,1475.76,2024-12-01 01:27:21
ZDH4PF29,NU3NF26H,ZL1EAPXL,4,783.0,2024-02-20 01:27:21
MLN431OS,EQEO7JAW,3R9P74RT,2,670.03,2024-11-01 01:27:21
HWF8WKW2,DEK2D005,Y3V5PSJL,3,393.44,2024-10-20 01:27:21
74PL8B2H,B93PQ5GE,S5MEMGTP,5,191.85,2024-07-12 01:27:21
IWS5LOVZ,H0XJEU0G,2KVHWI35,1,1455.31,2024-11-15 01:27:21
XAOE37DL,NB1I89TB,L3Z8KKK0,3,1795.96,2024-01-26 01:27:21
M9IJI89J,PYI68J04,KGHEQ7QZ,1,564.79,2024-12-29 01:27:21
Y8VFYZ6R,BKHGXPK8,5ABTWY7Q,1,1365.57,2024-12-29 01:27:21
J7L0SCKV,6CJMR4H1,COSXMGS0,1,1759.95,2024-06-27 01:27:21
862EHRVH,YROH1KZD,IXJEI9OJ,1,1861.09,2024-02-03 01:27:21
KFM9PSXY,JQ6E9Q9T,FGD2XQ3W,2,1771.34,2024-07-04 01:27:21
UQ8EI5S4,4C5HYVFW,XNH4SIW7,3,1702.48,2024-11-30 01:27:21
QDF9T99W,B5CQ8QZQ,EYY2CND7,2,953.36,2024-11-10 01:27:21
UF74LZYL,3V6KNZ03,5B7GBH01,4,753.81,2024-07-05 01:27:21
HTC9J2L5,00Z49KOU,Q5JCVID5,3,615.86,2024-09-19 01:27:21
AVUMCZ9A,5XZG0SZ6,RFZMM8R8,1,1820.04,2024-08-25 01:27:21
NADX3OQJ,CEG3XTV6,E801VCYB,4,1373.05,2024-07-13 01:27:21
5XKPEPXA,TQE7GCW0,SU7KGB4Q,2,1057.93,2024-02-16 01:27:21
FMUXBLM4,JQLYMUO4,VWJ2A1D7,1,941.15,2024-12-20 01:27:21
3I1GWG7T,F8F2UBHM,E1SJOT92,1,130.39,2025-01-05 01:27:21
KUIVRM36,PAU665YB,Q5JCVID5,2,1249.13,2024-10-25 01:27:21
43EQBI72,KRMXF6WU,N6WE50HM,2,519.78,2024-04-27 01:27:21
TAP25THW,JWD3PCA7,R9H8EKA1,1,860.51,2024-08-23 01:27:21
SXXIXEZB,G56UZDZM,9CBML6A4,4,1295.38,2024-06-06 01:27:21
8YJA7XTP,D7LIZJCA,7F1N4VWX,4,145.13,2024-11-10 01:27:21
79UO7YJQ,BD6JTPU1,0CVIU6H9,1,1957.78,2024-02-08 01:27:21
DZYUSFPI,3NQQR06I,7SKO6U2I,3,1434.57,2025-01-09 01:27:21
LIUAVSQA,3AWYRIWM,94XATSEA,5,1281.69,2024-09-25 01:27:21
FEY0MPGZ,6VQP4G9Z,9COGSAUM,2,1441.58,2024-05-18 01:27:21
OY3L6964,8RTZR4AU,QHGLPRGH,3,438.24,2024-07-15 01:27:21
SQLECLUR,NUMII3QS,M3MQTTJV,1,1765.3,2024-09-23 01:27:21
XXK300ZS,9WIUQOAS,QJ30FIX5,4,938.75,2024-09-13 01:27:21
4CY3Y2L1,01PWALHT,09GSBLFA,1,1391.27,2024-08-10 01:27:21
TTKE8MIZ,A0JV6O4V,OAILU8WW,1,1568.74,2024-10-18 01:27:21
AGXN9V5J,3PY9XKH2,N2YFHWR2,4,863.58,2024-09-19 01:27:21
89Y6CDSH,KDUM98DT,NZE58SE6,4,1164.6,2024-07-30 01:27:21
LX06YF0N,4UMY89IS,2QRCG7IQ,5,1162.46,2024-05-17 01:27:21
48XIBD6P,U520RY1M,6KYNB37G,1,1317.95,2024-06-23 01:27:21
6AHB2G0F,ZMBFGR2H,49UA27R6,1,764.14,2024-12-29 01:27:21
CUSUTW4J,RASFTAMT,AMSXPARO,2,211.67,2024-04-10 01:27:21
X5J0BL6O,O8EHMU6J,8JN2DCMJ,5,1673.28,2024-11-12 01:27:21
FKNYMBN1,F2XIN4SX,6ZINAZKL,4,956.85,2024-08-11 01:27:21
AX4P8Y0K,LADK6DT2,VRBM8913,5,382.95,2024-01-26 01:27:21
ISV5R8V4,C06PFHD2,2RFVM8UA,1,860.62,2024-09-17 01:27:21
C1YYLLEV,RZAK1R9N,KW172N4E,1,1046.62,2024-12-01 01:27:21
QBPBJ3R2,00Z49KOU,H0FWN93K,2,558.51,2024-08-31 01:27:21
0WY08DKQ,OJFSH6SK,NBYYMAEW,3,1912.61,2024-12-27 01:27:21
RX1LPL6F,4AKNJD9L,59KDGNR1,1,123.79,2024-07-27 01:27:21
TVUE8DUN,7HDSZUKV,R3LNSINC,5,1933.06,2024-07-14 01:27:21
9FWK6Z71,6QDYBVPK,AODAPJNU,5,935.96,2024-10-06 01:27:21
188FAP3N,SFM9B6EG,W3FZM1P8,4,274.84,2024-04-04 01:27:21
U0A8BS0S,E5ZT79SF,MCRNP0TO,2,937.42,2024-02-10 01:27:21
OAEB774H,V0Y4IGIX,XPYD6KDO,3,1558.92,2024-12-08 01:27:21
1ZK9TLXV,BB6MDGLY,SNSJHHKE,5,455.41,2024-11-08 01:27:21
CKZC2HXZ,KVE4UQ0S,A6BQH1PC,4,1129.92,2024-10-26 01:27:21
X2KEE0UG,YILFU4XZ,NFDVSKDL,4,1750.67,2024-05-23 01:27:21
O3I6OVWI,YT4MKELO,6S4A2MQN,2,1210.25,2024-04-01 01:27:21
S21J8TE6,T3UI7Y33,4UXTSVOR,5,1534.7,2024-05-29 01:27:21
86M8X0I9,PN0EKWZS,Y8M6PHD6,3,1557.28,2024-07-12 01:27:21
GZCBBTPZ,EMVK176D,E2A633YU,2,976.14,2024-06-03 01:27:21
68ZNKHCJ,97X54SFL,B63N7TJF,4,1323.15,2024-12-22 01:27:21
ASJN8UW5,J2YVSLU0,TBUIRDYN,3,1574.84,2024-11-25 01:27:21
ERFXM3UD,O6N0IOCP,GJYQG9TM,2,413.51,2024-01-24 01:27:21
BA1CNJL4,HJ06ECE0,Q5JCVID5,2,990.47,2024-11-29 01:27:21
NEOLJ19Z,4IRAM4CE,H0FWN93K,1,1421.23,2024-11-10 01:27:21
4CGSVUWM,0O5GPW82,NP6HHF8W,1,1916.24,2025-01-19 01:27:21
O358XBL4,WZ8M0IAA,FON93OOL,3,624.01,2024-02-28 01:27:21
MA2V23QS,RF8FL5QF,EIS8KHBW,5,464.47,2024-02-10 01:27:21
DLV9QZG8,5YWII1SK,VWWBWHLP,5,1505.51,2024-10-01 01:27:21
IKQ0M3C6,EIHCKTM0,52AHKP4V,3,1958.55,2025-01-07 01:27:21
7FBR1T3J,W3SESZOR,QD82AZSH,2,984.52,2024-12-23 01:27:21
FHA8RJXZ,VFQY3D61,ESYQ0UL0,4,1932.42,2024-11-21 01:27:21
Z52LMFGC,00Z49KOU,TP458GRG,2,1347.4,2024-03-01 01:27:21
P5MOFJH6,HRE3SMAB,DY6R8YWX,3,455.5,2024-05-21 01:27:21
7ZD5DHD8,AY12D7T8,GARPR5PB,1,697.57,2024-09-05 01:27:21
0OFZVUHH,XMMO455U,164CS5ZH,3,364.08,2024-10-02 01:27:21
FA7N4Q6I,XHPVSZYZ,C4KNRO78,3,342.33,2024-02-10 01:27:21
T1S77XCB,JNUWTWKE,DJDS6PB8,2,1211.89,2024-05-04 01:27:21
35QMSDJ6,6O0POG26,KRXQZCBZ,1,461.55,2024-05-24 01:27:21
YPETAUIW,Y942IJSS,TJY02SHB,2,53.66,2024-07-21 01:27:21
3LCPE6RB,OVCWVBZH,W06TDB3S,3,1202.95,2024-07-06 01:27:21
FWTT5NN2,EEJMDDAE,007FGNPN,5,1116.38,2024-02-23 01:27:21
LGRJCR2I,GGNPKIUT,JEWLM1F3,3,129.33,2024-08-17 01:27:21
ZM8IWLQQ,8RTZR4AU,9YPK4XKL,1,1399.91,2024-07-31 01:27:21
F1OYLO7X,BJ3SDSBK,81A6EVRI,5,1401.99,2024-06-18 01:27:21
8A9UQ0RJ,OJB57OLO,L2GQZPA1,5,1596.99,2024-12-15 01:27:21
MD85DYDX,SZ9IKUZE,5U314YOK,5,1529.01,2024-05-24 01:27:21
DTU3DW1Q,H69R2NC0,I4UQ8A1W,3,1506.1,2024-05-01 01:27:21
21TGW4LD,2BOS8TQW,R9BWHWC5,5,978.31,2024-09-19 01:27:21
Y7A3CUEE,KFLTP8BH,KL50BI9W,3,723.56,2024-08-12 01:27:21
92JZO72Q,5GNS04LN,LMURQBAW,1,751.74,2024-09-22 01:27:21
A3UWBFNV,K8A6BRVD,269QD99K,1,1700.43,2024-07-19 01:27:21
ESY5N9VP,34T3FDJL,XVKRYBM5,4,1624.54,2024-03-07 01:27:21
HX6J0F7F,PR27SYUN,OANML1R3,4,329.26,2024-04-27 01:27:21
GL27MX71,I026XLO1,H37T9O8U,4,1255.99,2024-10-09 01:27:21
V88ND2QW,6T9H01RR,ZTGUSNZR,2,501.14,2024-08-12 01:27:21
WWR1L4DO,F8F2UBHM,X9YL0BHJ,1,472.52,2024-10-25 01:27:21
EM0RL7SD,VEQ3J0VC,OR6FOGOM,1,1085.21,2024-01-28 01:27:21
VS0216BD,BB6MDGLY,P3BBHPCS,1,1725.03,2024-12-16 01:27:21
PWGXFK63,D7LIZJCA,E36Q5OHS,3,1877.15,2024-02-12 01:27:21
XJ24F64F,QT8SE2YA,EIS8KHBW,2,1126.23,2024-08-29 01:27:21
250WS40J,F2BZTNZE,VF6ZUJ5T,1,219.02,2024-10-09 01:27:21
T2U0DONO,1BSHFOVV,J9NNV3HM,2,1740.37,2025-01-02 01:27:21
IWXHRUZM,PWEI46RB,XIBWU6R6,4,253.45,2024-09-24 01:27:21
MTVBXOIW,7IVPP3LV,9CYTQ489,4,379.26,2024-06-14 01:27:21
R85O3CCD,TGG5LQN5,A9SM38QY,2,1915.44,2024-12-27 01:27:21
W0DER5P9,K8A6BRVD,KM1D69R7,3,1351.78,2024-05-31 01:27:21
WOMJBXZM,C4WLM4GQ,IXDKZEYK,2,1189.39,2024-03-11 01:27:21
KKCZ2C7A,Y492AHVC,Y8M6PHD6,1,1929.61,2024-07-23 01:27:21
IUJSSZFC,PN6GHFIV,NTKQNAHA,5,997.6,2024-09-10 01:27:21
TM01EJ7V,BF07X7DT,HNAX5UVQ,2,1650.32,2024-06-16 01:27:21
N6MEXC53,RF8FL5QF,MPS0OZIL,4,1375.67,2024-02-12 01:27:21
H0MHMUNA,8MK72WL1,0611UIKS,5,866.02,2024-04-30 01:27:21
1J37T7MT,IIE4VFQ2,10AXRKLW,4,969.45,2024-06-04 01:27:21
DHZEXZT2,WTFOC3OE,G6RIXT72,1,926.52,2024-09-22 01:27:21
QOOX1NCA,ZMCF0GS8,NZE58SE6,1,71.31,2024-07-23 01:27:21
0OO5FOA7,UD574QX2,B2ZO6Y91,4,477.58,2024-09-02 01:27:21
QRXO6O4K,UPFVCIFK,6PZH7NG3,5,595.42,2024-09-23 01:27:21
J4BNURJ1,ZXJV8EN2,13ALUK3P,1,1134.76,2024-03-23 01:27:21
AWPES0KU,JYSB6MOC,BXPAE8JW,1,610.88,2024-06-12 01:27:21
6B43ARWD,1BJLOEDK,9F8HU8Q8,3,1909.78,2024-11-10 01:27:21
8IAP79BW,M44SWRUA,85TQTWMY,1,1781.56,2024-04-06 01:27:21
S2YIFX5W,CAK9V59U,92D9EZBZ,5,1874.37,2024-02-02 01:27:21
0SCP3CX1,YHC3JFBF,SO5K0E9N,5,434.27,2024-09-20 01:27:21
4FPLQYU9,ESCI5IKP,9GTJD61S,3,165.0,2024-04-27 01:27:21
NC09LLLV,33IL8W1V,G9V32FGO,4,1568.83,2024-12-21 01:27:21
E37A70MP,LZ32F4Z6,9ZS6Q4ZX,2,1344.64,2024-09-28 01:27:21
M90U9KKY,1LRKHJSX,02ZDZCKY,3,1475.49,2024-02-01 01:27:21
K0VGFC0S,2383AN8E,L6U98FIV,4,249.63,2025-01-03 01:27:21
JFHRNS2W,1SIC9C2I,04VV38PR,2,1957.61,2024-09-26 01:27:21
ZSXYVSL1,5OG14DD9,JJH6G8B4,3,279.28,2024-02-28 01:27:21
B6AEH4YP,7IVPP3LV,W8PXJ2TX,1,809.87,2024-05-15 01:27:21
XSX9KUG6,VLC7MC2N,HYN93D48,4,933.54,2024-07-17 01:27:21
6346LXJR,YZLYEVM2,JRZX31JX,5,701.69,2024-05-07 01:27:21
S6H5A7KT,P2EO5ZTV,ZL1EAPXL,4,75.52,2025-01-04 01:27:21
P5DC4FV4,LCG9WQUX,IKL7EQS4,4,751.76,2024-07-11 01:27:21
UDLDAYO0,7YF5K423,T0KRYEV0,5,505.19,2025-01-12 01:27:21
QP9G7ZEB,28R61E6F,G3667VU8,4,1595.2,2024-06-21 01:27:21
BZMXELXE,PCDZIO49,RO6GC6O2,1,839.56,2024-02-19 01:27:21
GJNCQ6PU,W5AT0PIH,QLOCF8PM,4,1078.67,2024-01-30 01:27:21
